ID_Estudiante,Universidad,Score_Critico,Score_Tecnico,Score_Participativo,Score_AMI_Global,Nivel_Critico,Nivel_Tecnico,Nivel_Participativo,Nivel_AMI_Global,Riesgo_Total,C1,C2,C3,C4,C5,C6,C7,C8,C9,C10,T1,T2,T3,T4,T5,T6,T7,T8,T9,T10,P1,P2,P3,P4,P5,P6,P7,P8,P9,P10,Score_Riesgo_Academico,Score_Riesgo_LMS,Riesgo_Acad_Perceptual,Riesgo_Documental
STU_0001,UNMSM,3.6,4.0,3.4,3.6666666666666665,Medio,Alto,Medio,Medio,1,4,4,4,4,4,4,4,2,4,2,4,4,4,4,4,4,4,4,4,4,2,2,4,4,4,2,4,4,4,4,3.5,4.0,4.0,4.0
STU_0003,UNI,3.1,3.7,3.1,3.3000000000000003,Bajo,Alto,Bajo,Bajo,1,3,4,3,3,4,3,3,3,3,2,4,4,4,4,3,4,4,3,3,4,3,4,3,3,3,3,3,3,3,3,3.125,3.125,3.25,3.125
STU_0006,UNI,3.4,3.3,3.3,3.3333333333333335,Bajo,Bajo,Medio,Bajo,1,2,4,4,5,4,2,4,3,3,3,2,4,4,3,3,4,4,2,4,3,2,4,4,4,4,4,4,2,3,2,3.875,2.875,3.75,2.875
STU_0008,UNI,3.4,2.8,3.1,3.0999999999999996,Bajo,Bajo,Bajo,Bajo,0,3,3,3,5,3,4,3,4,3,3,2,2,2,3,3,4,3,3,3,3,3,3,3,4,3,3,3,3,3,3,2.25,3.0,3.0,3.0
STU_0009,UNI,3.7,3.6,4.0,3.766666666666667,Medio,Medio,Alto,Alto,1,3,3,4,4,3,3,5,3,4,5,3,4,5,4,3,4,4,4,2,3,4,4,5,3,3,3,5,5,5,3,3.625,3.375,4.25,3.375
STU_0010,UNI,3.7,4.0,4.0,3.9,Medio,Alto,Alto,Alto,0,3,4,4,4,4,2,4,4,4,4,4,4,4,4,4,4,4,4,4,4,4,4,4,4,4,4,4,4,4,4,1.5,2.0,2.0,2.0
STU_0011,UNMSM,3.8,3.8,4.0,3.8666666666666667,Medio,Alto,Alto,Alto,0,4,4,4,4,4,2,4,4,4,4,4,4,3,4,4,4,4,4,3,4,4,4,4,4,4,4,4,4,4,4,1.75,2.0,2.0,2.0
STU_0012,UNI,3.4,3.5,3.6,3.5,Bajo,Medio,Medio,Medio,1,3,2,4,5,5,2,3,4,4,2,4,4,4,4,3,3,2,2,5,4,3,4,4,4,4,3,3,4,4,3,2.375,2.375,2.75,2.375
STU_0016,UNI,3.5,4.1,3.9,3.8333333333333335,Bajo,Alto,Alto,Alto,0,2,4,2,5,4,2,4,4,4,4,4,4,5,4,4,5,4,2,4,5,2,4,2,5,4,5,5,4,4,4,1.75,3.25,2.5,3.25
STU_0017,UNMSM,4.3,4.6,4.3,4.3999999999999995,Alto,Alto,Alto,Alto,0,4,5,5,5,5,3,2,4,5,5,5,5,5,3,4,5,5,4,5,5,4,5,5,5,5,4,2,4,5,4,1.0,2.125,1.0,2.125
STU_0019,UNMSM,3.9,3.0,3.8,3.5666666666666664,Alto,Bajo,Medio,Medio,0,3,5,4,5,5,4,3,3,4,3,3,3,2,5,4,3,2,3,2,3,3,5,5,5,5,2,3,3,4,3,1.75,1.5,2.0,1.5
STU_0020,UNMSM,3.6,3.9,3.6,3.6999999999999997,Medio,Alto,Medio,Medio,0,4,4,4,4,4,4,2,4,4,2,3,4,4,4,4,4,4,4,4,4,4,4,4,4,4,2,2,4,4,4,1.5,2.5,2.0,2.5
STU_0021,UNMSM,3.4,4.0,4.0,3.8000000000000003,Bajo,Alto,Alto,Alto,1,4,4,4,3,3,2,4,3,3,4,4,4,4,4,4,4,4,4,4,4,4,4,4,4,4,4,4,4,4,4,3.125,2.75,3.25,2.75
STU_0023,UNMSM,3.6,3.7,3.9,3.733333333333334,Medio,Alto,Alto,Alto,1,4,4,4,3,4,4,3,3,4,3,3,4,4,4,3,4,4,3,4,4,3,4,4,4,4,4,4,4,4,4,2.25,2.0,2.0,2.0
STU_0024,UNI,4.0,4.1,3.7,3.9333333333333336,Alto,Alto,Medio,Alto,0,5,5,4,3,4,5,3,3,5,3,5,5,4,4,4,4,4,3,4,4,4,3,4,4,5,3,4,3,3,4,1.625,1.625,2.25,1.625
STU_0025,UNMSM,3.8,4.3,3.5,3.8666666666666667,Medio,Alto,Medio,Alto,0,4,4,5,4,3,2,5,3,5,3,5,4,4,4,4,5,4,3,5,5,2,4,4,4,5,2,4,3,3,4,1.25,1.875,1.0,1.875
STU_0026,UNMSM,4.3,3.8,3.9,4.0,Alto,Alto,Alto,Alto,0,4,5,5,5,4,4,4,4,4,4,3,4,5,3,3,4,4,4,4,4,3,4,4,5,4,4,4,4,3,4,2.25,2.875,3.0,2.875
STU_0027,UNMSM,3.9,4.2,4.1,4.066666666666666,Alto,Alto,Alto,Alto,0,4,5,5,3,4,1,4,4,5,4,5,4,3,5,4,5,4,3,5,4,4,5,4,5,4,3,4,5,4,3,1.75,2.625,2.0,2.625
STU_0028,UNMSM,3.6,3.6,3.5,3.5666666666666664,Medio,Medio,Medio,Medio,0,4,4,4,2,2,3,5,4,3,5,3,4,4,4,4,4,4,2,3,4,2,4,3,4,4,3,4,4,4,3,2.25,3.375,3.0,3.375
STU_0029,UNMSM,3.5,3.4,3.2,3.366666666666667,Bajo,Medio,Bajo,Medio,1,4,4,3,4,4,3,3,3,4,3,4,4,4,3,4,3,3,2,3,4,2,4,2,5,4,2,4,3,4,2,2.75,2.875,2.5,2.875
STU_0030,UNMSM,3.9,3.6,3.5,3.6666666666666665,Alto,Medio,Medio,Medio,0,5,4,4,4,4,2,4,4,4,4,4,4,5,3,3,5,4,2,2,4,4,4,4,5,5,1,5,4,2,1,1.5,2.25,1.5,2.25
STU_0031,UNMSM,2.9,3.7,3.5,3.3666666666666667,Bajo,Alto,Medio,Bajo,1,4,3,4,2,3,1,4,4,2,2,3,5,5,4,3,5,5,1,2,4,2,4,4,4,4,3,4,3,5,2,2.25,2.375,2.0,2.375
STU_0034,UNMSM,4.2,4.3,4.6,4.366666666666666,Alto,Alto,Alto,Alto,0,5,4,5,5,5,2,4,5,4,3,4,3,4,5,5,5,4,3,5,5,5,5,4,5,5,4,5,5,5,3,1.25,2.0,1.5,2.0
STU_0035,UNMSM,3.5,4.1,3.6,3.733333333333333,Bajo,Alto,Medio,Medio,0,4,3,4,4,3,3,4,3,3,4,4,5,5,4,4,5,3,3,4,4,3,5,3,5,4,2,3,4,4,3,1.625,2.125,1.75,2.125
STU_0036,UNMSM,4.6,5.0,5.0,4.866666666666666,Alto,Alto,Alto,Alto,1,5,5,5,5,5,3,4,5,5,4,5,5,5,5,5,5,5,5,5,5,5,5,5,5,5,5,5,5,5,5,3.5,5.0,5.0,5.0
STU_0039,UNMSM,4.4,4.5,3.8,4.233333333333333,Alto,Alto,Medio,Alto,1,5,5,5,5,4,2,4,5,4,5,5,5,5,4,4,5,5,3,4,5,2,4,4,5,5,2,5,3,4,4,1.75,1.875,1.0,1.875
STU_0042,UNMSM,4.4,4.5,4.4,4.433333333333334,Alto,Alto,Alto,Alto,1,5,4,4,4,5,4,5,5,4,4,5,4,5,4,5,5,5,4,4,4,5,4,4,4,5,4,5,4,5,4,1.75,1.75,1.5,1.75
STU_0043,UNMSM,4.0,3.9,3.8,3.9,Alto,Alto,Medio,Alto,0,4,3,4,5,4,4,4,4,4,4,4,5,4,4,4,4,4,2,4,4,3,4,4,5,4,3,4,4,4,3,1.875,2.0,2.25,2.0
STU_0044,UNMSM,3.9,3.3,3.4,3.533333333333333,Alto,Bajo,Medio,Medio,1,4,3,4,4,4,4,5,4,3,4,4,5,5,3,2,3,4,2,3,2,3,4,3,4,3,4,3,3,4,3,2.375,3.625,3.25,3.625
STU_0045,UNMSM,4.3,3.9,2.6,3.5999999999999996,Alto,Alto,Bajo,Medio,0,4,4,4,4,5,5,4,4,4,5,4,4,4,4,4,4,3,2,5,5,3,3,3,3,3,2,2,2,3,2,1.5,2.5,2.0,2.5
STU_0047,UNMSM,4.2,3.9,3.2,3.766666666666667,Alto,Alto,Bajo,Alto,0,4,4,5,4,3,4,5,4,4,5,4,4,4,4,3,5,3,3,4,5,3,4,3,4,5,3,3,2,2,3,1.75,2.125,2.0,2.125
STU_0048,UNMSM,4.0,4.1,4.0,4.033333333333333,Alto,Alto,Alto,Alto,1,4,4,5,5,4,2,4,4,4,4,4,4,4,4,4,4,4,3,5,5,4,4,4,4,4,4,4,4,4,4,1.875,3.625,2.25,3.625
STU_0050,UNMSM,4.3,4.0,3.7,4.0,Alto,Alto,Medio,Alto,0,5,5,3,5,5,4,4,4,4,4,4,4,4,4,4,4,4,4,4,4,4,4,3,4,4,3,3,4,4,4,1.375,2.125,1.75,2.125
STU_0051,UNI,3.4,3.7,3.7,3.6,Bajo,Alto,Medio,Medio,0,4,4,2,4,4,4,2,2,4,4,4,5,4,4,2,5,2,2,5,4,2,4,2,5,5,5,2,4,4,4,1.75,3.375,2.5,3.375
STU_0053,UNI,4.2,4.5,4.5,4.3999999999999995,Alto,Alto,Alto,Alto,0,4,4,5,5,4,1,5,5,4,5,5,5,5,4,4,4,5,5,4,4,5,5,4,4,5,5,5,4,4,4,1.375,2.0,1.75,2.0
STU_0054,UNI,3.6,3.3,4.6,3.8333333333333335,Medio,Bajo,Alto,Alto,0,4,4,4,4,3,2,4,4,3,4,4,4,4,3,3,3,3,3,3,3,4,4,3,5,5,5,5,5,5,5,2.25,3.0,3.0,3.0
STU_0055,UNI,3.8,3.0,3.7,3.5,Medio,Bajo,Medio,Medio,0,2,5,5,4,3,2,5,3,4,5,4,3,4,2,1,5,5,1,2,3,3,4,3,5,4,5,3,3,3,4,2.25,2.5,3.5,2.5
STU_0057,UNI,4.0,3.8,3.2,3.6666666666666665,Alto,Alto,Bajo,Medio,0,4,4,4,4,4,4,4,4,4,4,4,4,4,4,4,4,4,2,4,4,2,4,2,4,4,2,4,4,4,2,1.5,2.0,2.0,2.0
STU_0058,UNI,3.4,2.9,3.4,3.233333333333333,Bajo,Bajo,Medio,Bajo,0,3,4,5,5,3,3,4,2,3,2,3,4,3,2,3,2,3,2,3,4,4,3,3,3,4,3,3,3,5,3,2.25,3.5,3.5,3.5
STU_0059,UNI,4.7,4.0,4.6,4.433333333333333,Alto,Alto,Alto,Alto,0,5,5,5,4,4,5,5,5,5,4,5,5,4,3,3,5,5,3,2,5,4,4,4,4,5,5,5,5,5,5,1.0,3.0,1.0,3.0
STU_0060,UNI,2.3,3.1,2.6,2.6666666666666665,Bajo,Bajo,Bajo,Bajo,0,2,2,3,3,2,3,2,2,2,2,3,4,2,2,3,2,4,4,3,4,2,3,3,2,2,2,3,3,2,4,2.5,3.5,3.5,3.5
STU_0061,UNI,4.7,4.8,4.7,4.733333333333333,Alto,Alto,Alto,Alto,1,5,5,5,4,5,5,4,4,5,5,5,5,5,5,5,5,5,3,5,5,4,5,5,5,5,3,5,5,5,5,2.0,1.5,2.0,1.5
STU_0062,UNI,3.5,3.4,3.8,3.5666666666666664,Bajo,Medio,Medio,Medio,0,3,3,4,4,3,4,3,3,4,4,3,4,4,3,2,4,4,3,3,4,3,4,3,4,4,4,4,4,4,4,2.375,3.125,3.25,3.125
STU_0063,UNI,3.9,3.5,3.9,3.766666666666667,Alto,Medio,Alto,Alto,0,4,4,4,4,3,4,5,3,3,5,4,4,4,2,4,5,4,2,2,4,3,4,4,5,4,3,4,4,4,4,2.25,3.25,3.0,3.25
STU_0064,UNI,3.6,3.6,3.5,3.5666666666666664,Medio,Medio,Medio,Medio,0,4,4,4,3,4,2,4,3,4,4,4,4,3,4,4,3,4,3,4,3,4,3,3,4,4,4,3,4,3,3,1.75,2.0,2.0,2.0
STU_0065,UNI,3.6,2.9,2.3,2.9333333333333336,Medio,Bajo,Bajo,Bajo,0,4,4,5,3,3,2,5,3,3,4,4,5,3,3,3,3,2,1,2,3,2,4,1,4,3,1,3,2,2,1,1.5,2.5,1.5,2.5
STU_0066,UNI,3.7,3.4,3.2,3.4333333333333336,Medio,Medio,Bajo,Medio,0,4,4,3,3,4,4,4,3,4,4,3,4,3,3,3,4,4,2,4,4,3,4,2,5,4,2,3,3,4,2,1.75,2.375,2.0,2.375
STU_0067,UNI,3.5,3.6,3.0,3.3666666666666667,Bajo,Medio,Bajo,Bajo,0,4,4,4,3,3,3,2,4,3,5,5,4,4,2,2,5,4,1,4,5,2,5,2,4,4,2,4,3,2,2,1.375,2.625,1.75,2.625
STU_0068,UNMSM,3.2,3.8,3.7,3.5666666666666664,Bajo,Alto,Medio,Medio,0,4,2,5,3,2,1,4,4,3,4,4,5,4,3,3,4,4,3,4,4,4,4,3,4,4,2,4,4,4,4,2.0,3.0,2.0,3.0
STU_0069,UNMSM,3.7,4.3,3.1,3.6999999999999997,Medio,Alto,Bajo,Medio,0,3,4,4,4,5,3,4,2,4,4,4,5,5,5,5,5,2,2,5,5,2,4,2,4,4,2,4,3,4,2,1.875,3.375,2.75,3.375
STU_0071,UNI,4.1,3.5,3.7,3.766666666666667,Alto,Medio,Medio,Alto,1,4,4,5,4,4,2,5,4,4,5,4,5,4,4,2,3,2,2,4,5,4,3,3,2,4,4,4,5,4,4,2.5,3.625,3.5,3.625
STU_0072,UNI,4.0,4.0,4.2,4.066666666666666,Alto,Alto,Alto,Alto,0,5,4,5,4,4,1,4,4,4,5,4,5,4,3,4,4,4,2,5,5,3,5,3,5,5,4,4,5,3,5,1.125,2.625,1.25,2.625
STU_0073,UNI,3.5,3.7,3.3,3.5,Bajo,Alto,Medio,Medio,0,4,4,4,3,4,4,4,3,2,3,4,4,3,4,3,5,5,2,3,4,2,4,4,4,4,2,3,3,4,3,1.125,2.5,1.25,2.5
STU_0074,UNMSM,3.4,4.1,3.9,3.8000000000000003,Bajo,Alto,Alto,Alto,0,4,2,4,4,3,3,4,4,3,3,4,4,4,4,4,5,4,3,4,5,3,5,4,4,5,3,4,4,3,4,2.375,3.0,3.25,3.0
STU_0075,UNMSM,3.8,3.5,3.1,3.466666666666667,Medio,Medio,Bajo,Medio,1,5,4,4,3,4,4,4,2,4,4,4,5,4,3,3,5,2,1,4,4,2,4,3,4,4,1,5,3,4,1,2.875,2.5,2.25,2.5
STU_0076,UNMSM,4.1,4.8,4.8,4.566666666666666,Alto,Alto,Alto,Alto,0,4,4,5,4,5,1,3,5,5,5,5,5,3,5,5,5,5,5,5,5,4,4,5,5,5,5,5,5,5,5,1.875,1.875,2.25,1.875
STU_0077,UNMSM,3.8,4.2,4.5,4.166666666666667,Medio,Alto,Alto,Alto,0,4,4,4,4,5,3,4,4,3,3,4,5,5,5,4,4,4,3,3,5,3,5,5,5,5,4,5,5,4,4,1.25,1.75,1.5,1.75
STU_0078,UNI,3.5,3.4,3.2,3.366666666666667,Bajo,Medio,Bajo,Medio,0,3,3,4,3,4,4,4,3,3,4,3,4,3,4,4,3,4,3,3,3,3,4,3,3,3,2,4,3,3,4,1.875,2.0,2.25,2.0
STU_0081,UNI,3.9,3.9,4.0,3.9333333333333336,Alto,Alto,Alto,Alto,1,4,4,4,4,4,3,4,4,4,4,4,4,4,4,4,4,4,4,3,4,4,4,4,4,5,4,4,4,3,4,3.625,3.625,4.25,3.625
STU_0082,UNI,3.8,3.9,3.9,3.8666666666666667,Medio,Alto,Alto,Alto,0,4,4,4,4,4,3,3,4,4,4,4,4,4,4,4,4,4,4,3,4,4,4,4,4,4,3,4,4,4,4,1.5,1.0,1.5,1.0
STU_0083,UNI,4.2,4.4,4.2,4.266666666666667,Alto,Alto,Alto,Alto,1,4,5,4,4,5,2,4,5,5,4,4,4,5,5,4,4,5,5,4,4,4,4,5,4,4,4,5,5,4,3,3.5,4.5,4.5,4.5
STU_0084,UNI,2.4,3.1,2.9,2.8000000000000003,Bajo,Bajo,Bajo,Bajo,0,1,2,3,3,3,2,3,2,3,2,1,2,3,4,3,4,3,4,4,3,1,1,3,3,3,4,3,4,3,4,1.75,2.5,2.0,2.5
STU_0085,UNI,4.2,4.9,4.6,4.566666666666667,Alto,Alto,Alto,Alto,0,4,5,5,5,5,1,5,5,3,4,4,5,5,5,5,5,5,5,5,5,3,5,3,5,5,5,5,5,5,5,1.0,1.0,1.0,1.0
STU_0087,UNI,4.4,4.6,4.8,4.6000000000000005,Alto,Alto,Alto,Alto,0,5,5,5,5,5,1,5,5,4,4,5,5,5,5,5,5,5,1,5,5,3,5,5,5,5,5,5,5,5,5,1.375,1.625,1.25,1.625
STU_0088,UNI,5.0,5.0,5.0,5.0,Alto,Alto,Alto,Alto,1,5,5,5,5,5,5,5,5,5,5,5,5,5,5,5,5,5,5,5,5,5,5,5,5,5,5,5,5,5,5,1.5,1.0,1.0,1.0
STU_0089,UNI,3.5,4.3,4.2,4.0,Bajo,Alto,Alto,Alto,1,5,3,5,4,3,1,5,3,4,2,5,5,4,3,4,5,5,2,5,5,2,4,4,5,5,5,4,3,5,5,3.125,2.875,4.25,2.875
STU_0090,UNI,3.3,2.7,3.2,3.0666666666666664,Bajo,Bajo,Bajo,Bajo,0,3,4,4,2,4,5,2,2,4,3,1,2,4,3,1,4,4,1,3,4,2,4,3,5,4,3,2,3,4,2,2.0,2.625,2.5,2.625
STU_0091,UNI,3.4,3.9,4.1,3.7999999999999994,Bajo,Alto,Alto,Alto,1,3,4,4,3,4,3,4,3,3,3,4,4,4,4,3,4,5,4,3,4,4,5,4,4,5,5,4,3,3,4,2.625,3.625,3.25,3.625
STU_0092,UNI,4.3,3.5,3.8,3.8666666666666667,Alto,Medio,Medio,Alto,1,5,4,4,5,4,4,5,4,4,4,3,5,4,3,3,4,4,4,2,3,3,4,4,4,4,3,4,4,4,4,1.5,2.125,1.0,2.125
STU_0093,UNI,4.5,4.7,4.3,4.5,Alto,Alto,Alto,Alto,0,4,5,4,4,4,5,5,5,5,4,5,4,5,5,4,5,5,5,4,5,4,5,4,4,4,5,4,5,4,4,1.0,1.0,1.0,1.0
STU_0094,UNI,3.1,3.6,3.1,3.266666666666667,Bajo,Medio,Bajo,Bajo,1,3,3,4,3,3,2,4,3,3,3,4,4,3,3,2,4,4,4,4,4,4,3,2,2,3,3,3,4,3,4,2.375,2.5,2.25,2.5
STU_0097,UNMSM,3.8,4.1,4.3,4.066666666666666,Medio,Alto,Alto,Alto,0,4,3,4,4,3,4,4,4,4,4,4,4,4,4,4,5,5,3,4,4,4,4,4,4,5,5,4,4,4,5,2.125,3.0,2.75,3.0
STU_0099,UNMSM,3.6,3.1,3.0,3.233333333333333,Medio,Bajo,Bajo,Bajo,0,4,4,3,4,3,2,5,4,3,4,4,4,4,2,2,4,3,2,2,4,2,3,2,5,4,1,3,4,3,3,1.75,3.375,2.0,3.375
STU_0100,UNMSM,3.4,2.4,2.6,2.8000000000000003,Bajo,Bajo,Bajo,Bajo,1,4,4,4,4,4,2,4,4,2,2,2,2,2,2,2,4,4,2,2,2,2,2,2,4,2,2,4,2,4,2,3.25,3.5,3.5,3.5
STU_0101,UNMSM,3.5,3.4,3.4,3.4333333333333336,Bajo,Medio,Medio,Medio,1,4,2,4,5,3,3,4,4,3,3,4,4,3,4,3,2,3,2,4,5,4,2,4,4,1,5,4,4,3,3,3.125,4.0,3.25,4.0
STU_0102,UNMSM,3.3,2.5,4.2,3.3333333333333335,Bajo,Bajo,Alto,Bajo,0,3,3,4,3,3,3,4,3,4,3,3,3,2,5,4,2,1,1,1,3,4,5,5,5,5,3,3,5,5,2,1.25,1.375,1.5,1.375
STU_0103,UNMSM,3.7,2.7,3.8,3.4,Medio,Bajo,Medio,Medio,0,4,2,4,4,3,4,4,4,3,5,2,4,2,2,2,2,2,4,4,3,2,2,4,4,4,5,3,4,5,5,2.125,2.25,2.75,2.25
STU_0105,UNMSM,4.0,3.6,4.0,3.8666666666666667,Alto,Medio,Alto,Alto,1,4,4,4,4,4,4,4,4,4,4,4,4,4,4,2,4,4,4,2,4,4,4,4,4,4,4,4,4,4,4,3.25,3.5,2.5,3.5
STU_0106,UNMSM,3.9,4.3,4.4,4.2,Alto,Alto,Alto,Alto,0,5,4,4,4,5,1,4,4,4,4,4,4,4,4,5,4,5,5,4,4,4,4,4,5,5,4,5,4,5,4,1.125,1.625,1.25,1.625
STU_0107,UNMSM,3.7,4.0,4.3,4.0,Medio,Alto,Alto,Alto,0,4,4,4,3,4,2,3,4,4,5,4,3,4,3,4,4,5,4,5,4,4,4,3,4,5,5,5,4,4,5,2.0,1.625,2.0,1.625
STU_0108,UNMSM,4.0,4.5,4.5,4.333333333333333,Alto,Alto,Alto,Alto,0,5,5,4,4,4,1,4,4,5,4,5,4,5,4,5,4,5,4,5,4,5,4,5,4,5,4,5,4,5,4,1.0,1.0,1.0,1.0
STU_0109,UNMSM,4.1,4.6,4.0,4.233333333333333,Alto,Alto,Alto,Alto,0,4,4,5,5,5,1,4,4,4,5,5,5,5,5,5,4,4,4,4,5,4,4,4,4,4,4,4,4,4,4,1.625,2.25,1.75,2.25
STU_0110,UNMSM,4.8,5.0,4.6,4.8,Alto,Alto,Alto,Alto,1,5,5,5,5,3,5,5,5,5,5,5,5,5,5,5,5,5,5,5,5,5,5,1,5,5,5,5,5,5,5,1.75,2.0,1.0,2.0
STU_0111,UNMSM,3.6,3.6,3.5,3.5666666666666664,Medio,Medio,Medio,Medio,1,4,3,4,4,2,4,3,4,4,4,4,4,3,4,4,5,4,2,2,4,2,4,4,5,4,2,4,3,3,4,3.25,3.0,3.5,3.0
STU_0112,UNMSM,4.2,4.0,4.0,4.066666666666666,Alto,Alto,Alto,Alto,0,5,4,4,4,5,2,4,5,5,4,4,5,4,5,4,5,3,2,4,4,3,5,4,4,4,4,4,5,4,3,1.75,2.25,2.0,2.25
STU_0114,UNMSM,3.5,3.4,3.2,3.366666666666667,Bajo,Medio,Bajo,Medio,1,4,3,4,4,2,3,4,4,4,3,4,4,3,4,4,3,5,2,2,3,4,5,4,5,4,1,1,1,3,4,2.0,3.125,1.5,3.125
STU_0115,UNMSM,4.8,4.5,3.8,4.366666666666667,Alto,Alto,Medio,Alto,1,5,5,5,5,4,5,4,5,5,5,5,5,4,5,4,5,5,3,4,5,3,4,4,5,4,3,4,4,4,3,2.25,2.125,2.0,2.125
STU_0116,UNMSM,4.4,4.6,4.4,4.466666666666667,Alto,Alto,Alto,Alto,1,5,5,4,5,4,5,4,4,5,3,4,4,5,5,5,5,5,4,4,5,4,5,5,4,5,4,4,4,5,4,2.0,1.0,1.5,1.0
STU_0117,UNMSM,3.7,4.0,3.9,3.8666666666666667,Medio,Alto,Alto,Alto,1,4,4,4,4,4,2,4,4,3,4,4,4,4,4,4,4,4,4,4,4,3,4,4,4,4,4,4,4,4,4,2.75,4.0,4.0,4.0
STU_0118,UNMSM,4.4,4.5,4.5,4.466666666666667,Alto,Alto,Alto,Alto,1,5,5,5,4,5,1,5,5,4,5,5,5,5,4,4,5,5,2,5,5,4,4,5,5,5,3,5,4,5,5,2.875,2.25,3.25,2.25
STU_0120,UNMSM,4.6,4.9,5.0,4.833333333333333,Alto,Alto,Alto,Alto,1,5,5,5,5,5,1,5,5,5,5,5,5,5,5,5,5,5,4,5,5,5,5,5,5,5,5,5,5,5,5,1.875,1.5,1.25,1.5
STU_0121,UNI,3.8,4.0,4.4,4.066666666666666,Medio,Alto,Alto,Alto,0,4,4,4,4,4,2,4,4,4,4,4,4,4,4,4,4,4,4,4,4,4,5,4,5,5,4,4,4,4,5,1.375,2.125,1.75,2.125
STU_0122,UNI,2.2,2.5,2.9,2.533333333333333,Bajo,Bajo,Bajo,Bajo,1,1,2,3,4,2,2,3,2,1,2,1,2,3,1,4,2,3,3,2,4,2,5,4,3,4,3,2,1,3,2,2.5,2.625,2.5,2.625
STU_0123,UNI,3.7,3.2,3.2,3.366666666666667,Medio,Bajo,Bajo,Medio,1,4,3,4,4,4,2,4,4,4,4,4,4,3,4,4,2,2,3,3,3,2,3,3,2,5,3,3,3,4,4,2.125,1.625,1.75,1.625
STU_0124,UNI,4.0,3.7,4.0,3.9,Alto,Alto,Alto,Alto,0,4,4,4,4,4,4,4,4,4,4,4,4,5,4,4,3,4,4,4,1,5,5,5,5,1,5,4,4,5,1,1.0,1.0,1.0,1.0
STU_0125,UNI,3.8,3.5,3.6,3.6333333333333333,Medio,Medio,Medio,Medio,0,4,3,4,4,4,3,4,4,4,4,3,3,4,3,4,4,3,4,4,3,2,4,3,3,4,4,4,3,5,4,1.5,1.375,1.5,1.375
STU_0126,UNI,2.9,2.6,3.1,2.8666666666666667,Bajo,Bajo,Bajo,Bajo,0,3,3,3,2,4,3,3,3,3,2,2,3,2,2,3,3,3,2,3,3,3,3,3,2,4,4,2,3,3,4,2.0,2.625,2.0,2.625
STU_0128,UNI,3.2,3.5,3.5,3.4,Bajo,Medio,Medio,Medio,0,4,3,3,3,3,3,3,4,3,3,3,4,4,3,4,4,4,3,3,3,1,4,5,5,4,3,4,3,3,3,2.375,3.5,2.75,3.5
STU_0129,UNI,3.5,3.5,3.2,3.4,Bajo,Medio,Bajo,Medio,1,4,3,3,4,3,3,4,3,4,4,4,4,4,4,3,3,3,3,4,3,3,4,2,3,4,3,4,4,2,3,2.25,3.625,2.5,3.625
STU_0132,UNI,3.1,3.4,3.4,3.3000000000000003,Bajo,Medio,Medio,Bajo,0,3,3,3,4,4,2,3,3,3,3,3,3,4,3,3,4,4,3,4,3,4,4,4,3,3,3,3,3,4,3,2.25,3.0,3.5,3.0
STU_0133,UNI,3.7,3.5,3.3,3.5,Medio,Medio,Medio,Medio,1,4,4,4,4,3,3,3,4,4,4,4,2,4,3,4,4,4,3,4,3,3,5,5,5,5,3,2,2,1,2,3.625,3.75,4.25,3.75
STU_0134,UNI,2.3,2.8,4.0,3.033333333333333,Bajo,Bajo,Alto,Bajo,0,2,2,2,4,3,5,1,2,1,1,1,2,3,4,3,2,4,3,3,3,3,4,5,5,4,4,3,4,3,5,1.625,1.75,1.25,1.75
STU_0135,UNI,3.0,3.0,3.5,3.1666666666666665,Bajo,Bajo,Medio,Bajo,0,3,3,4,2,4,4,3,1,3,3,3,4,4,3,4,3,3,2,3,1,5,4,4,4,2,3,4,3,5,1,2.5,3.125,3.0,3.125
STU_0136,UNI,3.2,3.5,3.7,3.466666666666667,Bajo,Medio,Medio,Medio,0,4,4,3,3,3,2,3,3,4,3,4,3,3,3,3,4,4,4,3,4,4,4,4,4,4,3,3,4,3,4,1.5,1.25,1.5,1.25
STU_0137,UNI,3.1,3.0,2.4,2.8333333333333335,Bajo,Bajo,Bajo,Bajo,0,3,3,3,4,2,4,3,3,3,3,3,3,3,4,3,3,2,4,4,1,2,2,2,3,3,3,3,2,3,1,1.75,2.375,2.0,2.375
STU_0138,UNI,4.1,3.2,3.0,3.4333333333333336,Alto,Bajo,Bajo,Medio,0,4,4,4,4,4,5,4,4,4,4,4,3,4,3,4,4,2,3,4,1,3,3,3,5,4,5,1,1,4,1,2.375,3.5,3.25,3.5
STU_0141,UNI,2.7,3.0,3.6,3.1,Bajo,Bajo,Medio,Bajo,1,4,2,3,4,2,2,4,3,1,2,3,3,4,1,4,2,3,4,3,3,2,5,3,4,4,5,2,4,5,2,3.375,3.75,3.25,3.75
STU_0142,UNI,3.6,3.4,2.7,3.233333333333333,Medio,Medio,Bajo,Bajo,0,4,3,4,3,3,4,4,3,4,4,4,4,3,3,3,4,4,4,3,2,2,3,3,3,2,4,2,2,3,3,2.25,3.0,2.5,3.0
STU_0143,UNI,3.6,3.6,4.1,3.766666666666667,Medio,Medio,Alto,Alto,1,4,4,4,3,2,3,4,4,4,4,4,4,4,3,4,3,4,4,4,2,5,4,4,3,2,5,5,4,4,5,1.625,3.625,1.75,3.625
STU_0144,UNI,3.2,3.2,3.4,3.266666666666667,Bajo,Bajo,Medio,Bajo,1,2,4,3,4,3,2,4,3,4,3,4,3,3,3,2,3,3,3,4,4,4,4,2,3,2,3,2,5,5,4,2.5,3.625,3.5,3.625
STU_0145,UNI,3.2,3.6,4.0,3.6,Bajo,Medio,Alto,Medio,0,3,3,3,3,3,3,4,3,4,3,4,3,4,3,4,3,4,4,4,3,5,4,4,5,4,4,4,3,4,3,1.75,3.25,2.0,3.25
STU_0146,UNI,2.8,3.1,2.9,2.9333333333333336,Bajo,Bajo,Bajo,Bajo,0,4,3,3,2,2,3,2,4,2,3,4,3,4,4,4,3,2,2,2,3,3,3,4,2,2,4,2,3,3,3,2.0,1.625,2.0,1.625
STU_0148,UNI,3.6,3.6,3.7,3.6333333333333333,Medio,Medio,Medio,Medio,1,4,4,3,3,4,2,4,4,4,4,4,4,4,4,3,3,4,3,3,4,4,3,4,4,4,4,4,3,4,3,2.5,2.125,2.5,2.125
STU_0149,UNI,3.2,4.0,3.9,3.6999999999999997,Bajo,Alto,Alto,Medio,0,3,2,4,3,3,2,4,4,3,4,4,4,4,4,4,4,4,4,4,4,3,5,4,3,5,5,3,4,3,4,2.25,3.5,3.0,3.5
STU_0150,UNI,3.7,3.7,4.0,3.8000000000000003,Medio,Alto,Alto,Alto,1,4,4,4,3,3,3,4,4,4,4,4,3,4,3,4,4,4,4,4,3,5,3,5,3,5,3,4,4,4,4,3.0,3.875,4.0,3.875
STU_0151,UNI,3.7,3.4,3.3,3.4666666666666663,Medio,Medio,Medio,Medio,0,4,4,4,3,3,3,4,4,4,4,4,4,4,2,4,4,3,3,3,3,1,4,3,4,5,5,4,3,2,2,1.0,1.5,1.0,1.5
STU_0152,UNI,2.5,1.0,2.4,1.9666666666666668,Bajo,Bajo,Bajo,Bajo,0,3,3,3,2,2,4,2,2,2,2,1,1,1,1,1,1,1,1,1,1,2,2,2,1,2,3,3,3,3,3,1.625,2.75,2.25,2.75
STU_0153,UNI,3.6,2.8,3.3,3.233333333333333,Medio,Bajo,Medio,Bajo,0,4,3,3,3,4,5,3,4,4,3,3,4,4,3,3,1,3,3,3,1,3,3,4,5,1,3,3,4,4,3,1.25,2.0,1.0,2.0
STU_0154,UNI,3.9,4.0,4.1,4.0,Alto,Alto,Alto,Alto,0,4,4,4,3,3,5,4,4,4,4,4,5,4,4,4,4,4,4,4,3,5,5,3,5,1,2,5,5,5,5,1.0,1.375,1.0,1.375
STU_0155,UNI,3.6,3.1,3.7,3.466666666666667,Medio,Bajo,Medio,Medio,0,4,2,4,4,4,4,4,4,4,2,4,4,4,2,4,4,2,3,2,2,1,5,4,4,1,5,5,2,5,5,2.0,3.0,3.0,3.0
STU_0156,UNI,2.8,3.4,3.4,3.1999999999999997,Bajo,Medio,Medio,Bajo,0,4,2,3,2,2,2,4,2,4,3,4,4,3,3,4,4,2,2,4,4,3,3,4,4,5,4,2,2,3,4,2.625,2.625,2.75,2.625
STU_0157,UNI,3.7,3.0,3.4,3.3666666666666667,Medio,Bajo,Medio,Bajo,1,3,3,4,4,3,5,3,4,4,4,4,3,3,2,3,3,2,3,3,4,2,5,4,3,5,4,4,3,2,2,3.625,3.375,4.25,3.375
STU_0158,UNI,3.2,2.4,2.1,2.5666666666666664,Bajo,Bajo,Bajo,Bajo,1,4,4,3,2,2,4,3,3,4,3,2,3,3,2,3,2,2,2,3,2,2,2,2,3,2,1,2,2,3,2,2.25,1.75,1.5,1.75
STU_0159,UNI,3.2,2.6,3.8,3.2000000000000006,Bajo,Bajo,Medio,Bajo,0,4,4,3,4,2,4,4,3,2,2,4,2,4,2,2,2,3,3,2,2,4,4,4,4,2,4,4,4,4,4,1.375,1.25,1.25,1.25
STU_0161,UNI,3.1,3.3,4.0,3.466666666666667,Bajo,Bajo,Alto,Medio,0,3,2,4,3,4,3,3,2,4,3,3,4,2,4,3,4,3,3,3,4,4,4,3,4,5,5,3,4,3,5,2.0,2.875,2.5,2.875
STU_0163,UNI,3.5,3.6,3.6,3.5666666666666664,Bajo,Medio,Medio,Medio,1,4,3,4,4,3,3,4,3,4,3,3,4,3,4,4,4,4,3,3,4,3,3,3,4,4,4,3,4,4,4,3.0,4.125,3.5,4.125
STU_0164,UNI,3.2,3.4,3.3,3.2999999999999994,Bajo,Medio,Medio,Bajo,0,2,3,4,3,4,3,4,2,3,4,2,3,4,3,3,3,4,4,4,4,4,3,3,2,4,2,3,4,3,5,2.75,2.5,3.5,2.5
STU_0165,UNI,3.3,2.9,2.7,2.9666666666666663,Bajo,Bajo,Bajo,Bajo,0,4,2,4,3,3,3,4,4,3,3,3,3,3,4,4,2,2,2,4,2,3,1,1,2,5,3,3,5,3,1,1.625,1.25,1.75,1.25
STU_0166,UNI,3.1,3.2,3.2,3.1666666666666665,Bajo,Bajo,Bajo,Bajo,1,3,3,3,3,3,5,3,3,3,2,3,2,3,3,4,3,3,3,4,4,4,4,3,4,2,3,3,2,4,3,3.0,3.0,3.0,3.0
STU_0167,UNI,3.6,3.9,4.1,3.8666666666666667,Medio,Alto,Alto,Alto,1,4,4,4,3,4,2,4,4,3,4,4,4,3,4,4,4,4,4,4,4,5,5,5,4,5,3,4,2,4,4,3.5,4.375,5.0,4.375
STU_0168,UNI,3.5,3.0,4.1,3.533333333333333,Bajo,Bajo,Alto,Medio,1,3,4,4,4,4,3,4,3,4,2,2,3,3,3,2,3,3,4,4,3,2,4,4,3,5,5,5,4,5,4,4.0,4.875,5.0,4.875
STU_0169,UNI,3.4,3.8,3.2,3.4666666666666663,Bajo,Alto,Bajo,Medio,0,4,2,3,4,3,3,3,4,4,4,4,4,4,4,4,4,3,3,4,4,3,4,4,4,3,4,2,2,3,3,1.875,3.5,2.25,3.5
STU_0170,UNI,3.0,3.2,2.5,2.9,Bajo,Bajo,Bajo,Bajo,0,3,3,4,3,3,3,3,2,4,2,3,3,3,3,4,4,3,3,4,2,2,2,2,3,3,5,3,2,2,1,1.5,2.125,1.5,2.125
STU_0171,UNI,3.1,3.4,3.3,3.266666666666667,Bajo,Medio,Medio,Bajo,0,3,2,4,2,3,3,2,4,4,4,4,3,3,4,3,3,3,3,4,4,4,1,2,3,4,3,3,5,5,3,3.0,3.375,3.5,3.375
STU_0172,UNI,4.0,3.9,3.3,3.733333333333333,Alto,Alto,Medio,Medio,0,4,4,4,4,4,5,4,4,3,4,4,4,4,4,4,4,4,4,4,3,3,4,4,3,5,4,1,3,2,4,1.125,1.75,1.25,1.75
STU_0173,UNI,3.1,2.6,2.3,2.6666666666666665,Bajo,Bajo,Bajo,Bajo,0,4,3,3,3,4,3,3,2,3,3,2,2,1,3,3,2,4,3,2,4,2,1,2,3,5,3,1,3,2,1,2.0,3.125,2.5,3.125
STU_0174,UNI,3.2,3.6,3.2,3.3333333333333335,Bajo,Medio,Bajo,Bajo,1,3,4,3,3,3,4,1,3,4,4,4,4,2,4,3,4,4,3,4,4,1,4,4,4,4,3,3,3,3,3,2.75,3.125,3.0,3.125
STU_0175,UNI,3.5,2.9,2.5,2.966666666666667,Bajo,Bajo,Bajo,Bajo,1,4,4,4,2,2,4,4,4,4,3,4,4,4,2,2,2,2,3,3,3,2,3,2,4,4,2,2,2,2,2,4.25,4.375,4.0,4.375
STU_0176,UNI,3.5,3.2,3.5,3.4,Bajo,Bajo,Medio,Medio,1,4,3,4,4,3,3,3,3,4,4,3,3,3,4,3,3,3,4,3,3,3,3,3,4,4,4,4,4,3,3,2.625,2.5,2.75,2.5
STU_0179,UNI,4.0,3.8,4.1,3.9666666666666663,Alto,Alto,Alto,Alto,0,4,4,4,4,4,5,3,4,4,4,4,4,4,4,4,4,4,4,4,2,5,5,5,5,2,4,4,4,3,4,1.5,1.25,2.0,1.25
STU_0180,UNI,3.8,4.0,4.4,4.066666666666666,Medio,Alto,Alto,Alto,0,4,4,4,4,4,2,4,4,4,4,4,4,4,4,4,4,4,4,4,4,4,5,4,5,5,4,4,4,5,4,1.25,1.375,1.5,1.375
STU_0181,UNI,3.8,3.4,3.1,3.433333333333333,Medio,Medio,Bajo,Medio,0,4,3,4,4,3,5,4,3,4,4,4,4,4,3,3,3,3,3,4,3,2,4,3,4,3,3,4,3,3,2,2.375,2.625,3.25,2.625
STU_0182,UNI,4.0,3.5,3.8,3.766666666666667,Alto,Medio,Medio,Alto,1,4,4,4,4,4,4,4,4,4,4,4,4,4,2,4,4,4,3,4,2,1,3,4,5,4,4,4,4,5,4,2.375,4.0,3.25,4.0
STU_0183,UNI,3.9,3.5,3.4,3.6,Alto,Medio,Medio,Medio,0,4,4,4,4,4,4,4,4,3,4,4,3,4,3,4,4,4,4,4,1,3,4,4,2,5,5,2,2,3,4,1.625,3.0,1.75,3.0
STU_0184,UNI,3.8,3.6,3.0,3.466666666666667,Medio,Medio,Bajo,Medio,0,3,4,4,4,4,5,4,3,4,3,4,4,4,3,4,4,4,4,3,2,2,4,4,3,2,4,2,2,4,3,1.625,3.0,1.75,3.0
STU_0185,UNI,3.0,3.0,3.1,3.033333333333333,Bajo,Bajo,Bajo,Bajo,0,3,2,4,3,2,3,3,4,2,4,3,3,3,4,2,4,3,2,3,3,3,2,3,4,3,3,4,2,4,3,2.0,3.25,2.5,3.25
STU_0186,UNI,3.1,3.1,3.2,3.1333333333333333,Bajo,Bajo,Bajo,Bajo,0,4,3,3,3,3,2,3,3,4,3,3,4,4,3,3,4,2,3,4,1,3,4,2,4,3,5,3,2,3,3,2.0,3.0,2.5,3.0
STU_0187,UNI,2.9,3.0,4.3,3.4,Bajo,Bajo,Alto,Medio,0,4,2,3,2,4,2,4,3,2,3,3,3,4,4,2,3,3,2,3,3,3,4,4,4,4,5,5,5,5,4,2.125,1.25,2.75,1.25
STU_0188,UNI,3.7,3.5,3.5,3.5666666666666664,Medio,Medio,Medio,Medio,0,4,4,4,3,4,3,4,4,4,3,4,4,4,4,4,4,2,3,4,2,3,4,3,4,3,4,4,4,3,3,2.25,2.875,3.0,2.875
STU_0189,UNI,3.5,3.3,3.4,3.4,Bajo,Bajo,Medio,Medio,0,3,4,4,3,4,3,2,4,4,4,2,3,4,3,3,4,3,3,4,4,4,3,3,5,4,2,4,3,2,4,1.125,2.125,1.25,2.125
STU_0190,UNI,3.7,3.2,3.1,3.3333333333333335,Medio,Bajo,Bajo,Bajo,0,3,4,3,4,4,4,3,4,4,4,3,4,2,3,3,2,3,4,4,4,2,3,3,4,4,4,3,2,3,3,2.0,2.5,2.5,2.5
STU_0191,UNI,3.9,3.8,3.6,3.766666666666666,Alto,Alto,Medio,Alto,1,4,4,4,4,4,3,4,4,4,4,4,4,4,3,4,4,4,4,4,3,3,4,3,5,5,5,2,3,2,4,1.75,3.75,2.0,3.75
STU_0192,UNI,2.9,2.5,2.6,2.6666666666666665,Bajo,Bajo,Bajo,Bajo,0,2,3,2,3,3,3,3,4,3,3,1,3,3,3,3,2,2,4,2,2,3,4,3,2,3,3,2,2,1,3,1.75,2.75,2.0,2.75
STU_0193,UNI,3.9,3.4,3.8,3.6999999999999997,Alto,Medio,Medio,Medio,0,4,4,3,4,4,5,4,3,4,4,3,2,4,4,4,4,4,4,3,2,2,4,5,4,5,5,4,3,3,3,1.5,2.5,1.5,2.5
STU_0194,UNI,2.3,1.8,1.6,1.8999999999999997,Bajo,Bajo,Bajo,Bajo,1,2,2,3,3,1,5,1,3,2,1,3,1,1,1,1,2,2,3,1,3,2,1,2,2,1,3,1,2,1,1,2.875,2.875,2.75,2.875
STU_0195,UNI,3.4,3.5,3.6,3.5,Bajo,Medio,Medio,Medio,0,4,3,4,3,3,4,3,3,4,3,4,4,3,4,4,4,4,3,4,1,2,4,3,5,3,4,4,4,3,4,1.5,2.0,1.5,2.0
STU_0196,UNI,2.7,2.8,2.6,2.6999999999999997,Bajo,Bajo,Bajo,Bajo,0,2,3,2,4,2,2,4,3,2,3,3,4,3,2,3,3,4,2,3,1,2,3,2,4,2,2,3,3,2,3,1.75,2.875,2.5,2.875
STU_0197,UNI,4.0,3.8,3.7,3.8333333333333335,Alto,Alto,Medio,Alto,0,4,4,4,4,4,5,3,4,4,4,4,4,4,4,4,4,4,4,4,2,5,5,5,5,1,4,4,4,2,2,1.75,3.25,2.0,3.25
STU_0198,UNI,3.3,3.7,3.6,3.533333333333333,Bajo,Alto,Medio,Medio,0,3,3,3,4,3,4,3,3,4,3,3,3,4,4,4,4,3,4,4,4,3,4,3,2,4,4,4,4,4,4,2.375,3.0,3.25,3.0
STU_0199,UNI,3.8,3.7,3.8,3.766666666666667,Medio,Alto,Medio,Alto,0,4,4,4,4,4,2,4,4,4,4,4,4,3,4,3,4,4,4,4,3,4,4,4,4,4,3,3,4,4,4,1.75,2.0,2.0,2.0
STU_0200,UNI,3.8,3.6,2.8,3.4,Medio,Medio,Bajo,Medio,0,4,4,4,4,3,3,4,4,4,4,4,4,4,4,3,3,4,3,3,4,3,3,3,4,2,3,2,2,3,3,1.875,3.125,1.75,3.125
STU_0201,UNI,2.2,2.4,2.6,2.4,Bajo,Bajo,Bajo,Bajo,1,2,2,2,2,1,5,2,2,2,2,2,2,3,2,3,2,2,3,2,3,2,2,2,2,3,3,3,3,3,3,4.75,3.625,4.5,3.625
STU_0202,UNI,3.4,3.4,3.1,3.3000000000000003,Bajo,Medio,Bajo,Bajo,0,4,4,3,3,3,4,3,4,3,3,4,3,4,3,3,4,3,3,4,3,3,3,3,4,3,4,3,2,3,3,1.25,1.375,1.5,1.375
STU_0203,UNI,3.8,4.0,4.2,4.0,Medio,Alto,Alto,Alto,0,4,4,4,4,4,2,4,4,4,4,4,4,4,4,4,4,4,4,4,4,4,4,4,5,4,4,4,4,5,4,1.5,1.5,2.0,1.5
STU_0204,UNI,3.7,3.0,3.0,3.233333333333333,Medio,Bajo,Bajo,Bajo,0,4,3,4,4,3,4,4,4,3,4,3,4,1,3,4,3,3,3,3,3,2,3,4,3,3,4,3,3,2,3,2.5,2.0,3.0,2.0
STU_0205,UNI,3.9,3.8,4.6,4.1,Alto,Alto,Alto,Alto,0,4,4,4,4,4,3,4,4,4,4,4,3,4,4,4,3,4,4,4,4,5,5,4,5,4,4,5,5,4,5,1.625,2.0,2.25,2.0
STU_0206,UNI,3.4,3.6,3.8,3.6,Bajo,Medio,Medio,Medio,0,4,4,4,3,4,2,3,3,4,3,4,3,4,3,4,3,3,4,4,4,4,4,4,4,3,3,4,4,4,4,1.75,1.375,2.0,1.375
STU_0207,UNI,3.3,3.6,3.7,3.5333333333333337,Bajo,Medio,Medio,Medio,0,4,4,3,4,3,2,3,4,3,3,3,4,3,4,4,4,4,3,4,3,3,3,4,4,4,3,4,4,4,4,1.75,1.625,2.0,1.625
STU_0208,UNI,2.9,3.7,3.6,3.4,Bajo,Alto,Medio,Medio,0,3,2,3,3,3,2,3,4,3,3,3,4,4,4,4,4,3,3,4,4,2,5,4,3,4,4,3,4,4,3,2.5,3.5,3.5,3.5
STU_0210,UNI,3.6,3.1,3.9,3.533333333333333,Medio,Bajo,Alto,Medio,0,3,2,4,4,4,3,4,4,4,4,4,4,4,1,4,2,4,4,3,1,3,5,5,5,3,4,3,3,4,4,2.25,2.125,3.0,2.125
STU_0211,UNI,3.7,3.6,3.8,3.7000000000000006,Medio,Medio,Medio,Medio,1,4,4,4,3,4,4,3,3,4,4,4,4,4,4,3,3,4,4,4,2,3,4,4,5,2,3,4,5,4,4,2.75,2.0,3.0,2.0
STU_0212,UNI,3.7,2.9,4.5,3.6999999999999997,Medio,Bajo,Alto,Medio,0,4,4,4,4,3,3,3,4,4,4,4,2,4,2,3,3,4,2,2,3,5,5,5,5,2,5,5,5,4,4,1.25,1.0,1.0,1.0
STU_0213,UNI,3.4,2.9,3.4,3.233333333333333,Bajo,Bajo,Medio,Bajo,1,4,4,4,4,4,3,3,2,2,4,4,2,3,4,2,4,3,2,3,2,4,2,2,3,3,4,4,4,4,4,2.5,2.625,2.5,2.625
STU_0214,UNI,3.9,3.7,4.1,3.9,Alto,Alto,Alto,Alto,1,4,4,3,4,4,4,4,4,4,4,4,4,4,3,4,4,4,4,4,2,3,5,4,5,3,5,3,4,4,5,2.875,1.875,2.25,1.875
STU_0216,UNI,2.7,3.6,2.4,2.9000000000000004,Bajo,Medio,Bajo,Bajo,1,4,2,3,2,1,3,3,2,3,4,4,4,4,4,4,4,3,4,4,1,2,5,2,4,2,2,2,1,1,3,3.125,3.75,2.75,3.75
STU_0217,UNI,4.0,3.7,3.7,3.8000000000000003,Alto,Alto,Medio,Alto,1,4,4,4,4,4,4,4,4,4,4,4,4,3,4,3,4,4,4,4,3,4,3,4,4,3,3,4,4,4,4,2.125,1.5,1.75,1.5
STU_0218,UNI,2.8,3.5,2.9,3.0666666666666664,Bajo,Medio,Bajo,Bajo,1,3,2,1,3,2,4,4,3,3,3,4,4,3,4,3,3,4,3,3,4,2,4,3,4,3,3,2,3,3,2,2.625,2.625,2.25,2.625
STU_0219,UNI,3.5,2.7,2.9,3.033333333333333,Bajo,Bajo,Bajo,Bajo,0,3,4,3,4,3,4,3,3,4,4,2,4,4,3,3,3,2,2,3,1,3,4,3,4,1,3,3,3,3,2,1.75,3.5,2.0,3.5
STU_0221,UNI,3.5,3.1,3.3,3.2999999999999994,Bajo,Bajo,Medio,Bajo,1,3,4,4,3,4,5,3,3,4,2,3,3,3,1,3,4,4,4,4,2,5,4,3,4,3,4,3,2,2,3,2.0,2.125,1.5,2.125
STU_0222,UNI,3.5,3.1,3.4,3.3333333333333335,Bajo,Bajo,Medio,Bajo,1,4,4,3,4,3,3,4,4,3,3,3,4,4,4,3,3,4,2,1,3,1,4,3,5,5,5,2,1,5,3,2.0,3.125,1.5,3.125
STU_0223,UNI,3.8,3.7,3.8,3.766666666666667,Medio,Alto,Medio,Alto,1,4,4,4,3,4,5,4,3,3,4,4,4,4,4,4,3,4,3,4,3,4,3,4,5,5,4,2,3,4,4,2.5,2.625,2.5,2.625
STU_0224,UNI,3.1,2.9,3.4,3.1333333333333333,Bajo,Bajo,Medio,Bajo,0,3,3,3,3,3,4,4,1,4,3,3,3,4,2,2,3,2,4,4,2,2,5,3,5,3,5,4,4,1,2,1.75,1.75,2.0,1.75
STU_0225,UNI,3.7,3.6,2.9,3.4000000000000004,Medio,Medio,Bajo,Medio,0,4,4,4,4,3,3,4,4,4,3,4,3,3,3,4,4,4,3,4,4,4,2,3,4,2,3,4,2,2,3,2.125,2.375,2.25,2.375
STU_0226,UNI,3.4,3.5,3.7,3.5333333333333337,Bajo,Medio,Medio,Medio,0,4,3,4,3,3,3,4,3,4,3,3,4,3,3,4,4,4,3,3,4,4,3,4,3,3,4,4,4,4,4,1.625,1.875,1.75,1.875
STU_0227,UNI,3.7,3.3,3.4,3.466666666666667,Medio,Bajo,Medio,Medio,1,4,3,4,4,2,4,4,4,4,4,3,4,4,2,4,4,4,3,3,2,2,5,4,4,3,5,3,3,2,3,2.0,1.625,1.5,1.625
STU_0228,UNI,3.8,3.8,4.2,3.9333333333333336,Medio,Alto,Alto,Alto,0,4,4,4,4,4,2,4,4,4,4,4,4,4,3,4,4,4,4,3,4,3,4,4,3,4,4,5,5,5,5,1.0,1.0,1.0,1.0
STU_0229,UNI,3.7,3.7,3.4,3.6,Medio,Alto,Medio,Medio,0,4,4,4,3,4,5,3,3,4,3,4,4,4,3,4,4,4,4,3,3,4,3,3,4,3,4,3,3,4,3,1.875,1.75,2.25,1.75
STU_0230,UNI,3.9,3.7,3.3,3.633333333333333,Alto,Alto,Medio,Medio,0,4,4,4,4,4,4,4,4,4,3,4,4,4,4,4,4,3,4,4,2,3,4,4,4,2,3,2,3,4,4,1.75,2.125,2.5,2.125
STU_0231,UNI,3.2,2.6,2.2,2.6666666666666665,Bajo,Bajo,Bajo,Bajo,1,4,2,4,3,4,2,3,4,2,4,4,3,1,4,1,4,1,2,3,3,1,3,2,4,4,1,2,3,1,1,2.375,2.5,2.75,2.5
STU_0232,UNI,2.4,4.0,2.4,2.9333333333333336,Bajo,Alto,Bajo,Bajo,1,4,2,3,2,1,3,2,4,2,1,4,4,4,4,4,4,4,4,4,4,2,5,2,4,2,2,2,1,1,3,1.75,1.625,1.0,1.625
STU_0233,UNI,3.8,4.0,3.9,3.9,Medio,Alto,Alto,Alto,0,4,4,4,4,4,2,4,4,4,4,4,4,4,4,4,4,4,4,4,4,5,4,4,3,3,4,4,4,4,4,1.25,2.125,1.0,2.125
STU_0234,UNI,3.9,4.0,4.2,4.033333333333334,Alto,Alto,Alto,Alto,0,4,4,4,4,4,3,4,4,4,4,4,4,4,4,4,4,4,4,4,4,4,3,5,4,5,4,4,5,4,4,1.0,1.375,1.0,1.375
STU_0235,UNI,3.9,3.7,4.2,3.9333333333333336,Alto,Alto,Alto,Alto,1,4,4,4,4,4,3,4,4,4,4,4,4,3,4,4,4,4,4,4,2,5,5,5,5,2,4,4,4,4,4,3.0,2.5,3.0,2.5
STU_0236,UNI,3.8,3.9,3.8,3.8333333333333335,Medio,Alto,Medio,Alto,1,4,4,4,4,4,2,4,4,4,4,4,4,4,3,4,4,4,4,4,4,3,4,4,4,3,5,4,3,4,4,2.875,2.75,3.75,2.75
STU_0237,UNI,4.1,3.8,3.5,3.7999999999999994,Alto,Alto,Medio,Alto,1,4,4,4,4,4,5,4,4,4,4,4,4,3,3,4,4,4,4,4,4,3,4,4,4,3,4,3,3,3,4,3.0,2.625,3.0,2.625
STU_0238,UNI,3.8,3.4,3.2,3.4666666666666663,Medio,Medio,Bajo,Medio,1,4,4,4,4,4,2,4,4,4,4,4,3,4,3,4,3,4,3,4,2,3,4,4,4,3,2,2,3,3,4,2.5,1.875,2.0,1.875
STU_0239,UNI,3.8,3.7,3.7,3.733333333333333,Medio,Alto,Medio,Medio,1,4,4,4,4,4,3,3,4,4,4,4,3,4,4,3,4,3,4,4,4,4,3,4,4,3,4,4,4,4,3,2.75,2.875,2.5,2.875
STU_0240,UNI,3.6,3.9,3.6,3.6999999999999997,Medio,Alto,Medio,Medio,0,4,4,4,4,3,2,4,3,4,4,4,4,4,4,4,4,4,4,4,3,3,4,4,4,3,4,3,4,3,4,1.875,1.875,1.75,1.875
STU_0241,UNI,3.4,3.9,4.0,3.766666666666667,Bajo,Alto,Alto,Alto,1,4,4,4,3,3,2,4,4,3,3,4,4,4,4,4,3,4,4,4,4,4,5,4,4,3,4,4,5,4,3,2.375,2.125,1.75,2.125
STU_0242,UNI,3.6,2.3,2.7,2.866666666666667,Medio,Bajo,Bajo,Bajo,1,4,3,4,3,4,3,4,4,3,4,4,2,2,2,2,3,2,2,2,2,2,4,2,2,3,4,4,2,2,2,2.625,1.375,2.25,1.375
STU_0243,UNI,3.8,4.0,3.9,3.9,Medio,Alto,Alto,Alto,1,4,4,4,4,4,2,4,4,4,4,4,4,4,4,4,4,4,4,4,4,4,4,4,3,4,4,4,4,4,4,2.625,1.375,2.25,1.375
STU_0244,UNI,2.6,2.6,2.6,2.6,Bajo,Bajo,Bajo,Bajo,1,3,2,2,3,3,4,3,2,2,2,2,3,2,3,2,3,2,3,3,3,2,3,2,3,4,2,3,2,3,2,2.75,2.25,2.0,2.25
STU_0245,UNI,4.0,3.9,4.1,4.0,Alto,Alto,Alto,Alto,0,4,4,4,4,4,5,3,4,4,4,4,4,3,4,4,4,4,4,4,4,3,4,5,4,4,4,5,5,4,3,1.0,1.875,1.0,1.875
STU_0246,UNI,4.0,3.7,4.0,3.9,Alto,Alto,Alto,Alto,1,4,4,4,4,4,4,4,4,4,4,4,4,4,4,4,4,4,4,4,1,4,4,4,5,2,5,4,3,4,5,2.875,3.0,2.75,3.0
STU_0247,UNI,3.6,3.6,3.5,3.5666666666666664,Medio,Medio,Medio,Medio,0,4,4,4,4,4,2,4,4,3,3,4,4,4,3,4,3,3,3,4,4,4,4,5,3,3,4,3,3,3,3,2.375,2.125,2.75,2.125
STU_0248,UNI,3.6,3.2,2.8,3.2000000000000006,Medio,Bajo,Bajo,Bajo,1,4,4,3,3,4,3,4,3,4,4,3,3,4,4,3,3,2,3,4,3,2,3,3,4,4,3,2,3,2,2,3.0,3.25,2.5,3.25
STU_0249,UNI,3.4,3.7,3.7,3.6,Bajo,Alto,Medio,Medio,0,4,3,3,2,4,4,3,4,4,3,4,4,4,4,4,4,3,4,4,2,4,3,3,5,3,5,4,4,4,2,2.25,2.375,3.0,2.375
STU_0251,UNI,3.0,3.1,3.2,3.1,Bajo,Bajo,Bajo,Bajo,0,2,3,2,3,3,3,3,4,3,4,2,4,4,4,2,3,3,3,3,3,2,3,3,2,4,4,4,3,3,4,1.875,2.375,2.25,2.375
STU_0253,UNI,2.0,2.0,2.1,2.033333333333333,Bajo,Bajo,Bajo,Bajo,1,1,2,2,2,1,5,2,2,2,1,2,2,3,1,1,2,2,3,1,3,3,1,2,2,3,3,2,2,1,2,3.0,4.25,3.0,4.25
STU_0254,UNI,3.1,3.2,3.4,3.233333333333334,Bajo,Bajo,Medio,Bajo,0,4,3,3,2,3,2,4,3,4,3,3,4,4,3,3,4,2,3,4,2,3,4,3,3,2,4,4,3,4,4,1.5,1.0,1.0,1.0
STU_0255,UNI,3.2,3.0,3.0,3.0666666666666664,Bajo,Bajo,Bajo,Bajo,1,4,4,4,3,2,4,3,2,3,3,4,3,3,3,2,4,3,2,3,3,4,3,4,4,2,3,3,2,3,2,2.25,2.0,2.0,2.0
STU_0256,UNI,3.6,3.6,3.9,3.6999999999999997,Medio,Medio,Alto,Medio,0,3,4,4,4,4,2,4,3,4,4,4,4,4,2,4,4,4,4,3,3,3,4,4,5,3,4,4,4,4,4,1.0,1.0,1.0,1.0
STU_0257,UNI,3.8,3.1,2.9,3.266666666666667,Medio,Bajo,Bajo,Bajo,0,4,3,4,4,3,4,4,4,4,4,4,3,4,1,3,3,4,3,4,2,2,3,3,5,4,4,1,2,1,4,1.5,2.0,1.5,2.0
STU_0258,UNI,3.9,4.0,4.7,4.2,Alto,Alto,Alto,Alto,1,4,4,4,4,4,3,4,4,4,4,4,4,4,4,4,4,4,4,4,4,5,5,5,4,5,4,5,5,5,4,3.5,4.625,4.5,4.625
STU_0259,UNI,3.4,3.5,3.6,3.5,Bajo,Medio,Medio,Medio,0,3,4,3,4,3,3,4,4,3,3,3,4,3,4,3,4,4,3,3,4,4,4,3,3,5,3,4,3,4,3,1.75,1.375,2.0,1.375
STU_0260,UNI,3.4,3.8,3.8,3.6666666666666665,Bajo,Alto,Medio,Medio,1,4,3,3,3,4,3,4,3,3,4,3,4,4,3,4,4,4,4,4,4,3,5,5,3,5,3,1,4,5,4,2.625,3.125,3.25,3.125
STU_0261,UNI,3.9,3.9,3.9,3.9,Alto,Alto,Alto,Alto,0,4,4,4,4,4,4,3,4,4,4,4,4,4,4,4,4,4,4,4,3,3,4,4,5,5,5,4,3,3,3,2.5,1.75,3.0,1.75
STU_0262,UNI,3.6,2.6,2.4,2.8666666666666667,Medio,Bajo,Bajo,Bajo,1,4,4,3,3,4,2,4,4,4,4,4,2,3,2,3,3,3,2,2,2,2,2,2,4,4,2,2,2,2,2,2.875,3.625,3.75,3.625
STU_0263,UNI,2.7,3.3,3.0,3.0,Bajo,Bajo,Bajo,Bajo,0,3,4,3,4,2,3,4,1,1,2,4,3,4,3,3,3,4,3,4,2,2,3,2,4,4,5,3,2,4,1,1.875,2.25,2.75,2.25
STU_0264,UNI,3.2,3.5,3.6,3.4333333333333336,Bajo,Medio,Medio,Medio,0,3,4,4,3,4,2,3,4,3,2,4,3,4,4,4,3,4,3,4,2,3,3,4,4,5,5,3,3,4,2,1.0,2.875,1.0,2.875
STU_0265,UNI,3.9,3.6,3.6,3.6999999999999997,Alto,Medio,Medio,Medio,0,3,4,4,4,4,5,4,3,4,4,4,4,4,4,3,4,4,4,3,2,2,4,3,5,4,4,3,3,3,5,2.5,2.375,3.5,2.375
STU_0266,UNI,3.4,3.5,2.6,3.1666666666666665,Bajo,Medio,Bajo,Bajo,0,4,4,4,2,3,3,4,3,4,3,4,4,4,4,2,4,2,4,4,3,4,3,3,4,2,2,2,2,2,2,1.75,3.5,2.0,3.5
STU_0267,UNMSM,3.4,3.6,3.5,3.5,Bajo,Medio,Medio,Medio,0,4,4,3,3,4,3,3,3,4,3,3,4,4,4,4,3,4,3,4,3,4,4,4,4,2,3,3,3,4,4,2.5,3.25,3.5,3.25
STU_0268,UNMSM,3.4,3.1,3.0,3.1666666666666665,Bajo,Bajo,Bajo,Bajo,0,3,4,4,4,3,3,4,3,3,3,4,3,2,3,3,3,2,4,4,3,3,3,3,3,4,3,2,3,4,2,1.0,2.125,1.0,2.125
STU_0269,UNMSM,3.5,3.0,2.8,3.1,Bajo,Bajo,Bajo,Bajo,0,3,3,4,4,3,4,4,4,2,4,3,3,4,3,4,3,2,2,4,2,2,3,3,3,2,3,3,3,4,2,2.0,2.875,2.5,2.875
STU_0270,UNMSM,3.7,3.7,4.6,4.0,Medio,Alto,Alto,Alto,0,4,4,4,4,4,2,3,4,4,4,4,4,4,4,4,4,4,4,4,1,5,5,4,5,3,5,5,5,5,4,1.5,2.0,2.0,2.0
STU_0271,UNMSM,3.8,3.9,4.1,3.933333333333333,Medio,Alto,Alto,Alto,0,4,4,4,3,4,4,3,4,4,4,4,4,4,4,4,4,4,3,4,4,2,4,4,5,5,4,5,4,4,4,2.0,2.375,2.0,2.375
STU_0272,UNMSM,3.8,3.6,3.0,3.466666666666667,Medio,Medio,Bajo,Medio,0,4,4,4,3,4,5,3,3,4,4,4,3,4,4,4,4,4,4,4,1,3,3,3,3,3,3,3,3,3,3,2.375,2.875,3.25,2.875
STU_0273,UNMSM,3.2,2.7,3.1,3.0,Bajo,Bajo,Bajo,Bajo,0,3,3,3,3,4,4,3,2,4,3,1,3,3,4,2,2,4,4,2,2,2,3,4,3,3,3,4,2,4,3,2.25,2.625,3.0,2.625
STU_0274,UNMSM,3.3,3.1,3.6,3.3333333333333335,Bajo,Bajo,Medio,Bajo,1,3,4,2,3,4,3,3,4,4,3,3,3,3,3,4,4,3,4,2,2,4,4,3,4,3,3,4,3,4,4,3.5,3.25,4.0,3.25
STU_0275,UNMSM,3.8,3.5,3.7,3.6666666666666665,Medio,Medio,Medio,Medio,0,4,4,4,4,4,5,3,4,2,4,4,3,4,3,4,4,4,4,4,1,3,3,3,5,1,5,4,4,4,5,1.25,1.625,1.0,1.625
STU_0276,UNMSM,3.7,3.9,3.9,3.8333333333333335,Medio,Alto,Alto,Alto,0,4,4,4,4,3,3,4,4,3,4,4,4,4,4,4,4,4,4,4,3,5,4,3,5,3,4,4,4,4,3,1.5,1.75,1.5,1.75
STU_0277,UNMSM,4.0,3.5,3.1,3.533333333333333,Alto,Medio,Bajo,Medio,0,4,4,4,4,4,4,4,4,4,4,4,4,3,3,4,3,4,4,4,2,2,3,4,2,4,3,3,3,3,4,1.0,1.375,1.0,1.375
STU_0278,UNMSM,3.6,3.1,3.5,3.4,Medio,Bajo,Medio,Medio,1,4,3,4,3,4,3,4,4,3,4,4,4,3,3,4,3,3,2,4,1,3,3,4,3,5,3,5,3,4,2,2.5,3.875,3.0,3.875
STU_0279,UNMSM,3.9,3.4,3.0,3.4333333333333336,Alto,Medio,Bajo,Medio,0,3,4,4,4,4,5,3,4,4,4,4,3,4,3,4,4,3,4,4,1,4,4,3,4,2,4,3,2,2,2,2.125,1.375,2.75,1.375
STU_0280,UNMSM,3.3,3.0,4.2,3.5,Bajo,Bajo,Alto,Medio,0,3,3,4,4,2,5,3,3,3,3,3,4,3,3,4,3,4,2,3,1,4,4,5,4,5,3,3,4,5,5,2.5,3.5,3.5,3.5
STU_0281,UNMSM,3.1,3.0,3.0,3.033333333333333,Bajo,Bajo,Bajo,Bajo,1,3,2,4,2,4,4,3,3,2,4,4,3,3,3,4,3,3,2,4,1,2,5,3,4,2,1,3,4,2,4,3.0,3.25,3.5,3.25
STU_0282,UNMSM,3.3,3.6,4.3,3.733333333333333,Bajo,Medio,Alto,Medio,0,4,3,4,3,2,3,4,3,4,3,4,4,4,3,3,4,4,3,4,3,5,5,4,4,4,3,4,5,5,4,2.75,3.5,3.5,3.5
STU_0284,UNMSM,4.0,3.8,4.5,4.1000000000000005,Alto,Alto,Alto,Alto,0,4,3,4,4,4,5,4,4,4,4,4,4,4,3,4,4,4,4,4,3,2,5,5,5,5,5,5,5,3,5,1.375,1.25,1.25,1.25
STU_0285,UNMSM,3.5,2.8,3.3,3.1999999999999997,Bajo,Bajo,Medio,Bajo,0,4,4,3,4,3,3,4,4,3,3,3,3,3,2,3,4,4,2,3,1,4,3,2,3,5,4,3,4,3,2,2.375,3.0,3.25,3.0
STU_0286,UNMSM,4.1,3.6,4.2,3.9666666666666663,Alto,Medio,Alto,Alto,0,4,4,4,4,4,5,4,4,4,4,4,4,3,3,4,4,4,4,4,2,3,4,5,5,4,4,4,4,4,5,1.75,1.625,2.0,1.625
STU_0287,UNMSM,3.4,3.9,4.2,3.8333333333333335,Bajo,Alto,Alto,Alto,0,3,3,3,4,4,3,3,4,4,3,4,4,3,4,4,4,4,4,4,4,5,5,5,5,5,3,3,3,4,4,1.75,3.0,2.0,3.0
STU_0288,UNMSM,3.6,3.1,3.4,3.3666666666666667,Medio,Bajo,Medio,Bajo,0,3,3,4,4,3,5,4,3,3,4,4,4,3,3,4,2,3,3,4,1,2,5,4,4,2,5,3,2,4,3,1.875,1.25,2.25,1.25
STU_0289,UNMSM,3.4,3.0,2.7,3.0333333333333337,Bajo,Bajo,Bajo,Bajo,0,4,3,3,2,3,4,4,3,4,4,3,2,2,3,4,4,2,4,3,3,2,4,4,4,3,2,2,2,2,2,2.0,2.375,2.5,2.375
STU_0290,UNMSM,4.0,3.3,3.2,3.5,Alto,Bajo,Bajo,Medio,0,4,4,4,4,4,5,4,3,4,4,4,4,4,3,4,2,3,3,4,2,2,3,3,4,5,5,2,2,3,3,1.375,1.25,1.75,1.25
STU_0291,UNMSM,3.7,3.7,4.3,3.9,Medio,Alto,Alto,Alto,1,4,4,4,3,4,4,4,2,4,4,3,4,4,4,4,4,4,2,4,4,4,3,4,4,4,4,5,5,5,5,2.875,2.5,2.25,2.5
STU_0292,UNMSM,4.0,3.6,3.9,3.8333333333333335,Alto,Medio,Alto,Alto,0,4,4,4,4,4,5,3,4,4,4,4,4,4,3,4,4,4,4,4,1,4,5,4,4,1,4,5,4,4,4,2.125,1.875,2.25,1.875
STU_0293,UNMSM,4.1,3.5,3.6,3.733333333333333,Alto,Medio,Medio,Medio,1,4,4,4,4,4,5,4,4,4,4,4,4,4,3,4,3,4,4,4,1,2,5,4,5,3,5,5,2,2,3,3.125,1.625,4.25,1.625
STU_0294,UNMSM,3.9,3.5,3.3,3.5666666666666664,Alto,Medio,Medio,Medio,0,4,4,4,4,3,4,4,4,4,4,4,4,4,4,3,3,4,3,3,3,2,4,4,5,3,3,3,2,3,4,2.375,2.875,2.75,2.875
STU_0295,UNMSM,3.6,3.2,4.1,3.6333333333333333,Medio,Bajo,Alto,Medio,1,4,3,3,4,4,4,4,3,3,4,3,3,3,3,4,3,4,3,3,3,2,5,5,5,2,4,5,5,4,4,1.5,1.375,1.0,1.375
STU_0296,UNMSM,3.8,3.5,3.5,3.6,Medio,Medio,Medio,Medio,0,4,4,4,3,3,5,3,4,4,4,4,4,4,4,4,3,4,3,4,1,4,4,4,4,1,4,3,4,3,4,2.0,1.75,2.5,1.75
STU_0297,UNMSM,3.9,3.6,2.2,3.233333333333333,Alto,Medio,Bajo,Bajo,0,4,4,4,4,3,5,4,3,4,4,4,4,4,3,4,3,4,3,4,3,2,4,4,4,1,3,1,1,1,1,2.125,2.625,3.25,2.625
STU_0298,UNMSM,3.6,4.0,3.6,3.733333333333333,Medio,Alto,Medio,Medio,0,3,4,3,4,4,2,4,4,4,4,4,4,4,4,4,4,4,4,4,4,3,5,4,4,3,3,3,4,3,4,1.5,1.5,2.0,1.5
STU_0299,UNMSM,4.1,3.7,4.6,4.133333333333333,Alto,Alto,Alto,Alto,0,4,4,4,4,4,5,4,4,4,4,4,4,4,3,4,4,4,4,5,1,5,5,5,5,1,5,5,5,5,5,1.0,1.0,1.0,1.0
STU_0301,UNMSM,4.1,3.5,4.1,3.9,Alto,Medio,Alto,Alto,0,4,4,4,4,4,5,4,4,4,4,4,3,2,4,3,4,4,3,4,4,4,4,4,4,5,4,4,4,4,4,1.0,1.25,1.0,1.25
STU_0302,UNMSM,3.8,3.6,3.5,3.6333333333333333,Medio,Medio,Medio,Medio,0,4,4,4,4,3,3,4,4,4,4,4,4,4,3,4,4,4,4,4,1,5,5,3,5,1,3,4,3,3,3,1.25,2.5,1.5,2.5
STU_0303,UNMSM,3.3,3.4,3.0,3.233333333333333,Bajo,Medio,Bajo,Bajo,0,4,3,3,2,2,4,4,4,3,4,3,3,3,4,4,4,3,3,4,3,1,4,3,5,3,3,3,3,2,3,2.5,3.125,3.5,3.125
STU_0304,UNMSM,3.6,3.3,2.5,3.1333333333333333,Medio,Bajo,Bajo,Bajo,0,3,3,4,4,4,4,4,3,3,4,4,3,4,3,3,4,4,3,3,2,2,2,3,4,1,3,2,3,3,2,2.625,3.125,3.25,3.125
STU_0305,UNMSM,3.9,3.4,3.1,3.466666666666667,Alto,Medio,Bajo,Medio,1,4,4,4,4,3,4,4,4,4,4,3,4,4,3,4,4,4,3,4,1,2,4,4,5,2,4,3,3,2,2,3.25,2.875,3.5,2.875
STU_0306,UNMSM,3.8,4.0,3.2,3.6666666666666665,Medio,Alto,Bajo,Medio,1,4,4,4,4,4,2,4,4,4,4,4,4,4,4,4,4,4,4,4,4,2,4,3,4,4,3,3,3,3,3,3.0,4.0,4.5,4.0
STU_0308,UNMSM,3.9,3.6,3.3,3.6,Alto,Medio,Medio,Medio,0,4,4,4,4,3,4,4,4,4,4,4,4,4,4,4,3,4,4,4,1,2,4,3,5,2,3,3,4,3,4,1.875,2.125,2.25,2.125
STU_0309,UNMSM,3.4,2.9,2.7,3.0,Bajo,Bajo,Bajo,Bajo,1,4,3,4,3,2,4,4,4,2,4,3,3,3,2,4,3,3,3,4,1,2,3,3,3,2,3,3,3,2,3,2.625,3.375,4.25,3.375
STU_0313,UNMSM,3.7,3.6,3.1,3.466666666666667,Medio,Medio,Bajo,Medio,0,4,4,4,4,3,3,4,4,3,4,4,4,2,4,3,3,4,4,4,4,4,4,3,2,5,1,2,3,4,3,1.5,1.5,1.5,1.5
STU_0314,UNMSM,4.1,3.8,4.3,4.066666666666666,Alto,Alto,Alto,Alto,0,4,4,4,4,4,5,4,4,4,4,4,4,4,4,4,4,4,4,4,2,3,5,5,5,5,5,4,4,4,3,1.125,2.375,1.25,2.375
STU_0315,UNMSM,3.2,3.6,3.1,3.3000000000000003,Bajo,Medio,Bajo,Bajo,0,4,2,3,4,3,3,3,4,3,3,4,4,4,4,4,4,4,3,4,1,4,4,3,4,1,2,3,4,3,3,1.25,3.25,1.0,3.25
STU_0316,UNMSM,3.6,3.4,3.4,3.466666666666667,Medio,Medio,Medio,Medio,0,4,4,4,4,2,4,4,3,4,3,4,3,4,3,4,3,4,4,4,1,4,5,3,2,1,3,4,5,4,3,2.25,2.125,2.5,2.125
STU_0318,UNMSM,3.6,3.3,3.7,3.5333333333333337,Medio,Bajo,Medio,Medio,0,4,3,4,4,4,2,4,3,4,4,3,4,3,3,4,3,4,4,4,1,3,4,4,3,5,3,5,4,3,3,1.5,2.5,1.5,2.5
STU_0319,UNMSM,3.2,3.5,3.3,3.3333333333333335,Bajo,Medio,Medio,Bajo,1,3,4,3,3,3,2,3,4,4,3,3,4,3,4,4,4,3,3,4,3,3,4,3,4,3,3,3,3,4,3,2.625,2.875,2.75,2.875
STU_0320,UNMSM,3.2,3.1,3.3,3.2000000000000006,Bajo,Bajo,Medio,Bajo,1,3,3,3,3,4,3,3,4,3,3,3,3,3,3,3,2,3,4,4,3,3,3,3,3,4,3,4,3,3,4,2.125,1.5,1.75,1.5
STU_0321,UNMSM,4.1,3.6,3.5,3.733333333333333,Alto,Medio,Medio,Medio,1,4,4,4,4,4,5,4,4,4,4,3,4,4,3,4,4,4,4,3,3,2,4,4,4,3,4,4,4,2,4,2.75,2.25,2.5,2.25
STU_0322,UNMSM,3.9,4.0,3.6,3.8333333333333335,Alto,Alto,Medio,Alto,0,4,4,4,4,4,4,4,4,3,4,4,4,4,4,4,4,4,4,4,4,4,4,3,5,1,4,4,4,4,3,2.5,2.875,3.5,2.875
STU_0323,UNMSM,4.1,3.9,4.2,4.066666666666666,Alto,Alto,Alto,Alto,0,4,4,4,4,4,5,4,4,4,4,4,4,4,3,4,4,4,4,4,4,4,5,5,5,1,5,5,4,4,4,1.875,2.0,2.25,2.0
STU_0324,UNMSM,3.5,3.7,2.8,3.3333333333333335,Bajo,Alto,Bajo,Bajo,1,3,4,4,4,3,2,4,3,4,4,4,4,4,4,3,4,4,4,3,3,2,2,3,4,3,4,2,3,3,2,2.125,2.75,1.75,2.75
STU_0325,UNMSM,3.0,3.6,2.9,3.1666666666666665,Bajo,Medio,Bajo,Bajo,1,3,2,3,3,2,2,4,3,4,4,4,4,4,4,3,4,4,3,4,2,3,2,3,4,2,3,4,4,2,2,2.5,3.375,2.5,3.375
STU_0326,UNMSM,3.7,2.9,3.3,3.2999999999999994,Medio,Bajo,Medio,Bajo,0,3,4,4,3,4,4,3,4,4,4,3,3,3,4,4,1,3,2,3,3,3,3,4,3,5,3,3,4,4,1,2.5,3.25,3.5,3.25
STU_0327,UNMSM,3.4,2.7,3.5,3.1999999999999997,Bajo,Bajo,Medio,Bajo,0,3,3,4,3,4,5,3,3,3,3,3,3,3,2,3,3,3,3,3,1,3,5,4,5,1,5,3,3,3,3,1.5,1.875,2.0,1.875
STU_0328,UNMSM,2.6,2.8,2.6,2.6666666666666665,Bajo,Bajo,Bajo,Bajo,0,3,3,2,3,1,2,3,3,3,3,3,3,2,4,4,2,3,2,2,3,1,4,2,3,2,3,3,3,3,2,1.625,1.625,2.25,1.625
STU_0329,UNMSM,3.1,3.3,3.2,3.2000000000000006,Bajo,Bajo,Bajo,Bajo,0,3,3,3,3,3,3,4,3,3,3,3,3,4,4,4,3,3,3,3,3,2,3,3,5,4,2,3,4,3,3,2.0,2.75,2.5,2.75
STU_0330,UNMSM,2.5,1.9,1.9,2.1,Bajo,Bajo,Bajo,Bajo,1,3,1,3,3,1,3,4,1,3,3,2,1,1,3,2,2,1,3,2,2,2,3,1,3,1,2,1,3,2,1,2.375,3.125,2.25,3.125
STU_0331,UNMSM,4.1,3.4,3.6,3.6999999999999997,Alto,Medio,Medio,Medio,0,4,4,4,4,4,5,4,4,4,4,4,3,4,3,4,3,4,4,4,1,3,4,5,4,5,3,2,3,2,5,1.25,2.375,1.0,2.375
STU_0332,UNMSM,2.8,2.9,2.8,2.8333333333333335,Bajo,Bajo,Bajo,Bajo,1,3,3,3,1,3,3,4,3,2,3,3,3,3,3,3,4,3,3,3,1,3,3,2,3,2,3,3,3,3,3,2.25,1.625,1.5,1.625
STU_0333,UNMSM,3.8,2.4,3.2,3.133333333333333,Medio,Bajo,Bajo,Bajo,1,3,4,4,4,4,5,4,4,2,4,3,3,4,2,3,1,3,1,3,1,3,5,5,5,1,4,4,2,2,1,2.875,4.125,4.25,4.125
STU_0334,UNMSM,3.6,3.6,4.0,3.733333333333333,Medio,Medio,Alto,Medio,0,2,4,4,4,4,2,4,4,4,4,3,4,3,4,3,4,4,4,4,3,4,4,4,4,4,4,4,4,4,4,1.375,2.125,1.75,2.125
STU_0335,UNMSM,2.9,2.9,3.1,2.966666666666667,Bajo,Bajo,Bajo,Bajo,1,4,3,3,2,2,4,3,3,2,3,3,3,3,2,4,4,4,3,2,1,1,5,5,5,2,3,5,1,1,3,3.0,3.25,3.0,3.25
STU_0336,UNMSM,3.2,3.2,3.6,3.3333333333333335,Bajo,Bajo,Medio,Bajo,1,3,4,4,4,3,3,4,2,2,3,3,4,3,4,3,3,3,4,3,2,1,4,2,1,4,4,5,5,5,5,2.625,2.75,2.25,2.75
STU_0337,UNMSM,3.9,3.9,4.1,3.9666666666666663,Alto,Alto,Alto,Alto,0,4,4,4,4,4,4,3,4,4,4,4,4,4,3,4,4,4,4,4,4,5,4,4,5,3,5,3,4,4,4,1.25,1.375,1.0,1.375
STU_0338,UNMSM,3.7,3.0,3.2,3.3000000000000003,Medio,Bajo,Bajo,Bajo,1,4,4,4,4,4,3,3,4,3,4,2,4,3,3,3,2,2,4,3,4,4,4,4,2,2,3,2,3,4,4,3.25,4.25,4.0,4.25
STU_0339,UNMSM,3.6,3.5,3.1,3.4,Medio,Medio,Bajo,Medio,0,2,4,4,4,4,4,3,4,3,4,3,4,4,4,4,4,4,2,4,2,1,2,2,4,5,3,2,3,5,4,1.5,3.5,2.0,3.5
STU_0340,UNMSM,3.3,3.1,3.5,3.3000000000000003,Bajo,Bajo,Medio,Bajo,0,2,3,4,4,4,2,4,4,3,3,3,3,3,3,3,3,4,3,2,4,2,3,5,5,5,4,2,3,3,3,1.625,2.25,1.75,2.25
STU_0341,UNMSM,3.5,3.5,3.9,3.6333333333333333,Bajo,Medio,Alto,Medio,1,4,3,4,4,2,4,4,3,3,4,3,4,3,4,4,3,3,3,4,4,2,5,4,5,5,4,4,3,3,4,2.125,4.25,2.75,4.25
STU_0342,UNMSM,4.0,3.3,3.2,3.5,Alto,Bajo,Bajo,Medio,0,4,4,4,4,3,5,4,4,4,4,4,3,3,3,3,3,4,3,4,3,2,5,4,4,1,3,3,4,3,3,1.375,1.0,1.75,1.0
STU_0343,UNMSM,3.5,2.9,2.8,3.0666666666666664,Bajo,Bajo,Bajo,Bajo,0,4,3,4,4,3,4,3,3,3,4,2,3,4,2,3,3,3,3,3,3,3,4,3,3,3,2,2,3,2,3,1.875,1.125,2.25,1.125
STU_0344,UNMSM,3.8,4.0,4.5,4.1000000000000005,Medio,Alto,Alto,Alto,0,4,4,4,4,4,2,4,4,4,4,4,4,4,4,4,4,4,4,4,4,4,5,4,5,4,5,4,5,5,4,2.0,2.5,2.0,2.5
STU_0345,UNMSM,3.9,3.7,4.5,4.033333333333333,Alto,Alto,Alto,Alto,1,4,4,4,4,4,3,4,4,4,4,4,4,4,3,4,3,4,4,4,3,5,5,4,5,1,5,5,5,5,5,2.625,1.25,3.75,1.25
STU_0346,UNMSM,2.5,3.0,2.7,2.733333333333333,Bajo,Bajo,Bajo,Bajo,1,3,2,3,1,3,4,2,2,3,2,4,3,2,2,4,3,2,2,4,4,3,2,3,4,4,2,4,2,2,1,3.375,1.75,3.75,1.75
STU_0347,UNMSM,1.9,2.4,2.6,2.3000000000000003,Bajo,Bajo,Bajo,Bajo,1,1,2,1,3,2,2,2,1,4,1,1,1,4,1,4,3,1,3,4,2,2,4,1,4,2,3,3,5,1,1,2.75,2.75,3.0,2.75
STU_0348,UNMSM,3.3,3.3,2.4,3.0,Bajo,Bajo,Bajo,Bajo,0,3,2,3,3,3,4,4,4,3,4,3,4,4,2,4,3,3,3,3,4,2,2,3,4,1,3,2,2,2,3,2.0,3.125,2.5,3.125
STU_0349,UNMSM,3.6,3.5,3.2,3.4333333333333336,Medio,Medio,Bajo,Medio,0,3,4,4,3,3,5,4,3,3,4,3,4,4,3,4,3,4,3,4,3,2,4,3,4,3,3,3,3,3,4,2.125,2.25,2.75,2.25
STU_0350,UNMSM,3.3,3.7,4.6,3.8666666666666667,Bajo,Alto,Alto,Alto,1,2,4,2,4,4,2,3,4,4,4,3,4,4,3,4,4,3,4,4,4,5,4,5,4,5,5,5,3,5,5,2.375,1.5,1.75,1.5
STU_0351,UNMSM,3.5,3.4,4.0,3.6333333333333333,Bajo,Medio,Alto,Medio,1,3,3,4,4,4,3,4,4,2,4,4,3,2,4,4,3,3,4,4,3,5,3,3,4,4,4,5,4,4,4,3.0,3.75,3.0,3.75
STU_0353,UNMSM,3.1,2.6,2.5,2.733333333333333,Bajo,Bajo,Bajo,Bajo,1,3,2,3,3,3,3,4,4,2,4,2,3,3,4,3,2,1,4,3,1,2,3,2,5,4,2,2,2,2,1,2.375,3.875,3.25,3.875
STU_0354,UNMSM,3.4,3.3,3.0,3.233333333333333,Bajo,Bajo,Bajo,Bajo,1,4,3,3,4,3,3,3,4,3,4,3,4,4,4,4,4,2,3,3,2,2,4,5,3,5,3,5,1,1,1,2.75,3.25,4.0,3.25
STU_0355,UNMSM,3.5,3.6,3.5,3.533333333333333,Bajo,Medio,Medio,Medio,0,4,4,3,4,3,4,3,3,4,3,4,4,3,4,4,3,4,3,4,3,5,5,5,5,1,3,4,1,4,2,1.875,3.375,1.75,3.375
STU_0356,UNMSM,3.7,3.1,3.4,3.4000000000000004,Medio,Bajo,Medio,Medio,0,3,4,3,4,3,5,4,4,4,3,4,4,4,2,4,1,4,3,4,1,3,4,4,4,2,4,2,4,3,4,1.375,2.375,1.75,2.375
STU_0357,UNMSM,3.8,3.9,4.1,3.933333333333333,Medio,Alto,Alto,Alto,1,4,4,4,4,3,3,4,4,4,4,4,4,4,4,4,4,4,4,4,3,4,4,4,3,3,5,5,4,5,4,2.75,4.5,4.5,4.5
STU_0358,UNMSM,3.3,3.0,2.6,2.966666666666667,Bajo,Bajo,Bajo,Bajo,0,4,4,3,3,3,4,3,3,3,3,4,3,3,3,4,3,3,2,2,3,2,2,3,3,1,3,3,3,2,4,1.75,2.0,2.0,2.0
STU_0359,UNMSM,4.0,3.5,3.7,3.733333333333333,Alto,Medio,Medio,Medio,1,4,4,4,4,4,4,4,4,4,4,3,4,4,3,4,3,4,4,4,2,3,4,5,4,2,4,4,4,4,3,2.5,3.75,3.5,3.75
STU_0361,UNMSM,3.4,2.7,3.3,3.133333333333333,Bajo,Bajo,Medio,Bajo,0,3,3,3,4,3,5,4,3,3,3,3,4,4,2,3,2,3,2,3,1,2,3,2,5,2,5,5,2,5,2,2.125,2.5,2.75,2.5
STU_0362,UNMSM,3.8,3.5,3.3,3.533333333333333,Medio,Medio,Medio,Medio,1,4,4,4,3,4,4,3,4,4,4,4,4,3,4,4,4,3,4,4,1,4,3,3,4,2,4,4,3,3,3,3.5,3.875,4.0,3.875
STU_0363,UNMSM,3.2,3.3,3.7,3.4,Bajo,Bajo,Medio,Medio,0,3,4,2,3,3,2,4,3,4,4,3,3,3,4,4,4,4,3,3,2,3,5,4,5,3,4,3,4,3,3,2.125,2.5,2.75,2.5
STU_0364,UNMSM,4.0,3.7,4.4,4.033333333333334,Alto,Alto,Alto,Alto,0,4,4,4,4,4,4,4,4,4,4,4,4,4,4,4,4,4,4,4,1,5,5,4,5,4,5,5,4,4,3,1.125,1.75,1.25,1.75
STU_0365,UNMSM,3.5,3.3,2.8,3.1999999999999997,Bajo,Bajo,Bajo,Bajo,0,4,3,4,4,3,3,4,4,3,3,3,4,4,1,4,4,3,4,4,2,1,3,3,4,2,4,4,2,4,1,1.25,1.375,1.0,1.375
STU_0366,UNMSM,3.8,4.0,4.0,3.9333333333333336,Medio,Alto,Alto,Alto,0,4,4,4,4,4,3,4,4,4,3,4,4,4,4,4,4,4,4,4,4,3,3,3,4,4,4,4,5,5,5,1.75,1.375,2.0,1.375
STU_0367,UNMSM,3.3,2.8,2.5,2.8666666666666667,Bajo,Bajo,Bajo,Bajo,0,3,3,4,3,3,5,3,3,3,3,3,2,4,1,3,3,3,3,3,3,1,1,3,5,5,5,1,1,1,2,1.0,1.0,1.0,1.0
STU_0368,UNMSM,3.4,3.6,3.0,3.3333333333333335,Bajo,Medio,Bajo,Bajo,0,2,4,4,4,3,3,4,4,3,3,3,4,4,4,4,4,4,4,4,1,3,4,4,4,3,3,4,2,2,1,2.0,1.875,2.5,1.875
STU_0369,UNMSM,3.6,3.4,3.7,3.5666666666666664,Medio,Medio,Medio,Medio,0,4,4,4,4,3,3,3,4,4,3,3,3,3,4,4,3,4,3,4,3,5,4,3,3,3,3,3,5,3,5,1.5,3.25,2.0,3.25
STU_0370,UNMSM,3.7,3.7,2.8,3.4,Medio,Alto,Bajo,Medio,1,3,4,4,4,4,3,4,3,4,4,3,4,4,4,4,4,4,4,4,2,2,3,3,4,2,4,3,3,2,2,3.875,3.75,3.75,3.75
STU_0373,UNMSM,3.4,3.6,3.6,3.533333333333333,Bajo,Medio,Medio,Medio,0,4,3,3,3,4,3,4,3,4,3,4,3,4,4,4,4,3,4,3,3,4,4,3,3,4,4,3,4,4,3,1.75,1.375,2.0,1.375
STU_0374,UNMSM,3.8,3.6,3.9,3.766666666666667,Medio,Medio,Alto,Alto,0,4,4,4,4,4,3,4,3,4,4,4,4,4,3,4,4,4,4,4,1,2,5,4,5,4,5,5,3,2,4,1.0,2.125,1.0,2.125
STU_0375,UNMSM,2.8,3.6,2.8,3.0666666666666664,Bajo,Medio,Bajo,Bajo,0,3,3,3,2,2,2,4,3,4,2,3,4,3,4,3,4,3,4,4,4,3,3,2,4,1,3,3,2,4,3,1.375,2.125,1.25,2.125
STU_0376,UNMSM,3.8,3.9,4.6,4.1,Medio,Alto,Alto,Alto,1,4,4,4,4,4,2,4,4,4,4,4,4,4,4,4,4,4,4,4,3,5,4,5,5,4,5,5,4,5,4,2.25,1.75,2.0,1.75
STU_0377,UNMSM,3.2,2.8,2.6,2.8666666666666667,Bajo,Bajo,Bajo,Bajo,1,3,2,2,4,4,4,3,3,3,4,3,3,4,3,4,2,2,3,2,2,1,3,2,3,2,3,2,4,4,2,3.125,2.75,3.25,2.75
STU_0378,UNMSM,3.7,3.5,3.0,3.4,Medio,Medio,Bajo,Medio,0,4,4,4,4,4,3,3,3,4,4,4,3,4,3,4,4,4,3,4,2,2,3,4,4,5,4,2,2,2,2,1.25,1.5,1.0,1.5
STU_0379,UNMSM,3.1,2.6,3.5,3.0666666666666664,Bajo,Bajo,Medio,Bajo,1,3,4,4,3,4,2,4,3,2,2,3,3,3,2,2,2,2,4,3,2,5,1,3,3,2,5,5,5,3,3,3.625,3.5,4.75,3.5
STU_0380,UNMSM,3.8,3.2,3.8,3.6,Medio,Bajo,Medio,Medio,0,3,4,4,4,3,5,3,4,4,4,4,4,4,3,2,4,2,4,4,1,5,4,4,4,2,4,4,4,3,4,1.875,1.75,2.25,1.75
STU_0381,UNMSM,4.0,3.6,3.5,3.6999999999999997,Alto,Medio,Medio,Medio,0,4,4,4,4,4,4,4,4,4,4,4,4,4,2,4,4,4,4,4,2,2,5,5,5,4,4,3,3,2,2,1.25,3.125,1.0,3.125
STU_0382,UNMSM,3.4,4.0,3.4,3.6,Bajo,Alto,Medio,Medio,0,3,3,3,3,4,2,4,4,4,4,4,4,4,4,4,4,4,4,4,4,3,3,3,3,3,4,4,4,3,4,2.0,2.0,3.0,2.0
STU_0383,UNMSM,3.7,3.7,3.9,3.766666666666667,Medio,Alto,Alto,Alto,0,4,4,3,3,4,4,4,3,4,4,3,4,4,4,4,4,4,4,4,2,2,5,4,5,1,4,5,5,3,5,1.625,2.625,1.75,2.625
STU_0384,UNMSM,4.0,3.6,4.6,4.066666666666666,Alto,Medio,Alto,Alto,0,4,4,4,4,4,4,4,4,4,4,4,4,4,3,4,4,4,4,4,1,5,5,5,5,1,5,5,5,5,5,1.25,1.75,1.0,1.75
STU_0385,UNMSM,3.4,3.2,3.8,3.4666666666666663,Bajo,Bajo,Medio,Medio,1,4,3,4,4,3,3,4,3,3,3,4,4,3,3,3,2,3,3,4,3,2,5,4,4,3,4,4,4,4,4,2.25,1.5,1.5,1.5
STU_0386,UNMSM,4.0,3.7,4.0,3.9,Alto,Alto,Alto,Alto,0,4,4,4,4,4,5,3,4,4,4,4,3,4,4,4,4,4,3,3,4,4,5,5,3,5,3,4,3,4,4,1.0,1.125,1.0,1.125
STU_0387,UNMSM,3.8,3.8,4.4,4.0,Medio,Alto,Alto,Alto,0,4,4,4,4,4,3,4,4,4,3,4,4,4,3,4,4,4,4,3,4,4,4,5,4,5,4,4,5,4,5,2.0,2.375,2.5,2.375
STU_0390,UNMSM,3.4,3.6,3.2,3.4,Bajo,Medio,Bajo,Medio,0,3,4,3,3,4,3,4,3,3,4,4,4,4,4,4,4,4,3,4,1,2,5,3,5,1,4,4,3,2,3,1.875,2.875,2.25,2.875
STU_0391,UNMSM,3.1,3.3,2.5,2.966666666666667,Bajo,Bajo,Bajo,Bajo,1,4,4,4,3,3,2,2,3,3,3,4,3,4,3,2,4,4,3,3,3,1,4,3,5,4,4,1,1,1,1,1.875,3.0,1.25,3.0
STU_0392,UNMSM,3.0,3.2,2.8,3.0,Bajo,Bajo,Bajo,Bajo,1,3,2,2,4,3,2,2,4,4,4,3,3,4,2,3,3,4,3,3,4,2,5,4,4,2,4,1,1,1,4,2.875,1.875,3.25,1.875
STU_0393,UNMSM,4.0,2.8,2.6,3.1333333333333333,Alto,Bajo,Bajo,Bajo,1,4,4,4,4,4,4,4,4,4,4,3,1,3,3,3,4,2,4,3,2,2,1,2,4,5,3,2,2,1,4,4.625,3.875,4.75,3.875
STU_0394,UNMSM,3.9,3.4,3.2,3.5,Alto,Medio,Bajo,Medio,0,4,4,4,4,3,5,4,3,4,4,4,4,4,2,4,4,3,4,4,1,2,4,3,4,3,4,4,3,2,3,2.25,3.5,2.5,3.5
STU_0395,UNMSM,3.2,3.2,3.0,3.1333333333333333,Bajo,Bajo,Bajo,Bajo,1,3,4,3,2,3,5,2,3,4,3,3,3,3,4,4,4,4,3,3,1,3,4,4,3,5,3,2,2,2,2,4.375,2.0,3.75,2.0
STU_0396,UNI,4.1,3.6,4.2,3.9666666666666663,Alto,Medio,Alto,Alto,1,4,4,4,4,4,5,4,4,4,4,4,4,4,3,4,4,4,4,4,1,4,5,5,5,1,5,4,4,4,5,1.5,1.0,1.0,1.0
STU_0397,UNI,3.8,3.5,3.4,3.5666666666666664,Medio,Medio,Medio,Medio,0,4,4,4,3,4,4,3,4,4,4,4,4,4,2,4,4,3,4,4,2,3,3,4,5,3,4,3,3,2,4,2.25,2.375,2.5,2.375
STU_0398,UNI,4.0,3.4,3.2,3.5333333333333337,Alto,Medio,Bajo,Medio,0,4,4,4,4,4,4,4,4,4,4,4,3,4,2,3,4,4,4,4,2,2,3,4,5,4,4,2,2,2,4,1.375,2.0,1.75,2.0
STU_0399,UNI,3.0,2.8,2.8,2.8666666666666667,Bajo,Bajo,Bajo,Bajo,0,3,3,3,3,3,3,3,3,3,3,3,2,3,2,3,3,3,3,3,3,3,3,3,4,2,3,2,2,2,4,2.625,3.5,3.25,3.5
STU_0400,UNI,4.0,3.6,4.6,4.066666666666666,Alto,Medio,Alto,Alto,0,4,4,4,4,4,4,4,4,4,4,4,4,4,2,4,4,4,4,4,2,5,5,5,5,1,5,5,5,5,5,1.0,1.0,1.0,1.0
STU_0401,UNI,3.2,2.9,2.9,3.0,Bajo,Bajo,Bajo,Bajo,0,3,4,3,3,3,3,3,3,4,3,3,3,3,2,3,3,3,3,3,3,3,3,3,4,3,3,2,2,2,4,2.75,2.75,3.5,2.75
STU_0402,UNI,2.7,2.5,2.6,2.6,Bajo,Bajo,Bajo,Bajo,1,3,3,3,2,3,2,2,3,3,3,3,2,3,1,2,3,2,3,2,4,2,2,2,4,4,3,2,2,1,4,3.75,3.875,4.0,3.875
STU_0403,UNI,4.1,3.7,4.1,3.9666666666666663,Alto,Alto,Alto,Alto,0,4,4,4,4,4,5,4,4,4,4,4,4,4,4,4,4,4,4,4,1,4,4,4,5,2,5,4,4,4,5,1.0,1.0,1.0,1.0
STU_0404,UNI,3.3,2.9,3.1,3.0999999999999996,Bajo,Bajo,Bajo,Bajo,0,4,3,4,3,3,3,3,3,3,4,3,3,3,2,3,3,3,3,3,3,3,3,3,5,2,4,3,2,2,4,2.375,2.625,2.75,2.625
STU_0405,UNI,2.9,2.8,2.8,2.8333333333333335,Bajo,Bajo,Bajo,Bajo,1,3,3,3,3,3,2,3,3,3,3,3,3,2,1,3,3,3,3,3,4,2,3,3,4,4,3,2,2,1,4,3.875,4.0,4.25,4.0
STU_0406,UNI,4.1,3.6,4.1,3.933333333333333,Alto,Medio,Alto,Alto,0,4,4,4,4,4,5,4,4,4,4,4,4,4,3,4,4,4,4,4,1,4,4,5,5,1,5,4,4,4,5,1.0,1.0,1.0,1.0
STU_0407,UNI,4.0,3.4,3.4,3.6,Alto,Medio,Medio,Medio,0,4,4,4,4,4,4,4,4,4,4,4,3,4,2,4,4,4,4,4,1,3,3,4,5,2,4,3,3,3,4,1.375,1.125,1.75,1.125
STU_0408,UNI,3.8,3.3,3.0,3.3666666666666667,Medio,Bajo,Bajo,Bajo,0,4,4,4,3,4,4,3,4,4,4,4,3,4,2,3,4,3,4,4,2,2,3,3,5,4,4,2,2,1,4,1.75,2.0,2.0,2.0
STU_0409,UNI,3.0,2.8,2.8,2.8666666666666667,Bajo,Bajo,Bajo,Bajo,0,3,3,3,3,3,3,3,3,3,3,3,2,3,2,3,3,3,3,3,3,3,3,3,4,2,3,2,2,2,4,2.625,3.5,3.25,3.5
STU_0410,UNI,4.0,3.6,4.6,4.066666666666666,Alto,Medio,Alto,Alto,1,4,4,4,4,4,4,4,4,4,4,4,4,4,2,4,4,4,4,4,2,5,5,5,5,1,5,5,5,5,5,1.5,1.0,1.0,1.0
STU_0411,UNI,3.2,2.9,2.9,3.0,Bajo,Bajo,Bajo,Bajo,0,3,4,3,3,3,3,3,3,4,3,3,3,3,2,3,3,3,3,3,3,3,3,3,4,3,3,2,2,2,4,2.75,2.75,3.5,2.75
STU_0412,UNI,2.7,2.6,2.6,2.6333333333333333,Bajo,Bajo,Bajo,Bajo,1,3,3,3,2,3,2,2,3,3,3,3,2,3,1,3,3,2,3,2,4,2,2,2,4,4,3,2,2,1,4,3.25,3.875,4.0,3.875
STU_0413,UNI,4.1,3.6,4.1,3.933333333333333,Alto,Medio,Alto,Alto,0,4,4,4,4,4,5,4,4,4,4,4,4,4,3,4,4,4,4,4,1,4,4,5,5,1,5,4,4,4,5,1.125,1.25,1.25,1.25
STU_0414,UNI,2.9,2.8,2.8,2.8333333333333335,Bajo,Bajo,Bajo,Bajo,1,3,3,3,3,3,2,3,3,3,3,3,3,2,1,3,3,3,3,3,4,2,3,3,4,4,3,2,2,1,4,3.875,4.0,4.25,4.0
STU_0415,UNI,4.1,3.6,4.6,4.1,Alto,Medio,Alto,Alto,0,4,4,4,4,4,5,4,4,4,4,4,4,4,3,4,4,4,4,4,1,5,5,5,5,1,5,5,5,5,5,1.0,1.25,1.0,1.25
STU_0416,UNI,4.0,3.5,3.2,3.5666666666666664,Alto,Medio,Bajo,Medio,0,4,4,4,4,4,4,4,4,4,4,4,3,4,2,4,4,4,4,4,2,2,3,4,5,4,4,2,2,2,4,1.375,1.875,1.75,1.875
STU_0417,UNI,3.7,3.5,4.2,3.8000000000000003,Medio,Medio,Alto,Alto,0,4,4,3,3,4,4,3,4,4,4,4,4,4,2,4,4,3,4,4,2,5,4,4,5,2,5,4,4,4,5,2.125,2.0,2.25,2.0
STU_0418,UNI,3.2,3.0,3.0,3.0666666666666664,Bajo,Bajo,Bajo,Bajo,0,3,4,3,3,3,3,3,3,4,3,3,3,3,2,3,4,3,3,3,3,3,3,3,5,3,4,2,2,1,4,2.5,2.75,3.0,2.75
STU_0419,UNI,4.1,3.6,3.5,3.733333333333333,Alto,Medio,Medio,Medio,0,4,4,4,4,4,5,4,4,4,4,4,4,4,3,4,4,4,4,4,1,2,4,5,5,2,5,2,2,3,5,1.0,1.125,1.0,1.125
STU_0420,UNMSM,3.5,3.3,3.6,3.466666666666667,Bajo,Bajo,Medio,Medio,1,4,3,4,4,4,3,4,3,3,3,3,3,3,3,4,3,4,3,4,3,2,3,3,3,4,4,4,4,5,4,3.0,2.5,3.0,2.5
STU_0421,UNMSM,1.9,2.0,2.6,2.1666666666666665,Bajo,Bajo,Bajo,Bajo,0,1,2,2,2,1,5,2,2,1,1,2,2,1,2,2,3,3,1,3,1,2,3,3,3,2,3,2,2,3,3,2.125,2.125,2.75,2.125
STU_0422,UNMSM,3.8,3.7,3.4,3.6333333333333333,Medio,Alto,Medio,Medio,0,4,3,4,4,4,5,4,3,4,3,3,3,4,4,4,4,4,4,4,3,3,3,4,3,2,3,4,3,5,4,1.0,2.5,1.0,2.5
STU_0423,UNMSM,3.4,3.1,2.6,3.033333333333333,Bajo,Bajo,Bajo,Bajo,1,3,4,4,3,3,3,3,3,4,4,2,3,3,4,3,4,3,3,4,2,1,2,2,3,3,3,4,5,1,2,3.25,4.125,5.0,4.125
STU_0424,UNMSM,3.4,3.6,3.8,3.6,Bajo,Medio,Medio,Medio,0,4,3,4,3,3,2,4,4,3,4,3,4,4,4,4,4,3,3,3,4,4,4,4,3,4,4,4,4,4,3,1.0,1.0,1.0,1.0
STU_0425,UNMSM,3.8,4.0,4.5,4.1000000000000005,Medio,Alto,Alto,Alto,0,4,4,4,4,4,3,4,4,3,4,4,4,4,4,4,4,4,4,4,4,4,5,5,4,5,5,4,4,5,4,1.625,2.0,1.75,2.0
STU_0426,UNMSM,3.8,3.8,3.6,3.733333333333333,Medio,Alto,Medio,Medio,0,4,4,4,4,4,2,4,4,4,4,4,4,4,3,4,4,4,4,4,3,2,5,5,5,2,4,3,4,2,4,1.625,1.5,2.25,1.5
STU_0427,UNMSM,3.5,3.6,3.9,3.6666666666666665,Bajo,Medio,Alto,Medio,1,3,4,4,3,4,3,4,3,4,3,4,3,3,4,4,4,3,4,4,3,4,3,3,5,5,3,3,5,5,3,2.5,4.0,4.0,4.0
STU_0428,UNMSM,4.0,3.4,3.1,3.5,Alto,Medio,Bajo,Medio,0,4,4,4,4,3,5,4,4,4,4,3,3,3,4,4,3,4,4,4,2,2,5,3,4,3,4,5,2,2,1,1.375,2.375,1.25,2.375
STU_0429,UNMSM,3.7,3.6,3.2,3.5,Medio,Medio,Bajo,Medio,1,4,4,4,4,4,3,3,4,3,4,4,4,4,4,3,4,3,3,3,4,2,2,3,4,4,3,3,4,4,3,3.25,3.0,3.0,3.0
STU_0430,UNMSM,3.5,3.3,3.4,3.4,Bajo,Bajo,Medio,Medio,0,3,4,4,4,3,4,2,3,4,4,4,3,3,3,3,4,3,3,3,4,3,3,3,3,3,4,4,5,2,4,1.875,3.375,2.25,3.375
STU_0431,UNMSM,3.6,3.3,3.9,3.6,Medio,Bajo,Alto,Medio,1,4,4,4,3,4,4,2,3,4,4,3,3,4,2,4,3,4,4,4,2,4,4,5,5,5,5,2,2,3,4,2.625,1.875,2.75,1.875
STU_0432,UNMSM,3.7,3.6,3.6,3.6333333333333333,Medio,Medio,Medio,Medio,0,3,4,4,4,4,3,4,3,4,4,3,4,3,3,3,4,4,4,4,4,3,3,4,4,4,4,5,3,3,3,1.75,3.125,2.0,3.125
STU_0433,UNMSM,3.5,3.3,3.7,3.5,Bajo,Bajo,Medio,Medio,0,4,3,4,4,3,3,4,4,3,3,3,3,3,3,4,4,4,3,3,3,4,4,4,3,4,4,4,3,4,3,2.125,2.875,2.75,2.875
STU_0434,UNMSM,4.1,3.7,3.9,3.9,Alto,Alto,Alto,Alto,0,4,4,4,4,4,5,4,4,4,4,4,4,4,3,4,4,4,4,4,2,3,4,5,5,2,4,4,4,4,4,1.5,3.0,2.0,3.0
STU_0435,UNMSM,3.8,3.5,3.9,3.733333333333333,Medio,Medio,Alto,Medio,0,4,4,4,3,4,4,3,4,4,4,4,4,3,3,4,4,4,4,4,1,2,4,4,4,4,5,4,4,4,4,1.75,2.75,2.0,2.75
STU_0436,UNMSM,3.7,3.6,1.6,2.966666666666667,Medio,Medio,Bajo,Bajo,0,4,4,4,4,4,3,3,4,3,4,4,3,4,4,4,4,3,3,3,4,2,1,2,1,2,1,3,1,1,2,1.0,1.5,1.0,1.5
STU_0437,UNMSM,3.8,3.6,3.4,3.6,Medio,Medio,Medio,Medio,0,4,3,4,4,4,3,4,4,4,4,3,4,3,4,4,4,4,4,4,2,2,3,3,4,4,4,4,2,4,4,2.375,2.0,3.25,2.0
STU_0438,UNMSM,4.0,3.6,4.4,4.0,Alto,Medio,Alto,Alto,1,4,4,4,4,4,5,3,4,4,4,4,4,4,3,4,4,4,4,4,1,3,5,5,5,1,5,5,5,5,5,2.25,1.0,2.5,1.0
STU_0439,UNMSM,3.8,3.8,3.4,3.6666666666666665,Medio,Alto,Medio,Medio,0,4,4,4,4,4,4,4,2,4,4,4,4,4,3,4,4,4,4,4,3,4,4,4,5,2,5,4,2,2,2,2.125,2.125,2.75,2.125
STU_0440,UNMSM,3.7,3.6,3.7,3.6666666666666665,Medio,Medio,Medio,Medio,1,4,3,4,4,2,4,4,4,4,4,4,4,4,4,4,4,2,4,3,3,4,4,2,4,4,3,4,5,3,4,3.625,3.625,3.75,3.625
STU_0441,UNMSM,3.4,3.0,3.1,3.1666666666666665,Bajo,Bajo,Bajo,Bajo,0,3,4,4,2,4,3,4,4,3,3,4,3,4,2,3,4,2,3,3,2,2,3,3,4,3,4,4,2,3,3,1.75,2.125,2.0,2.125
STU_0442,UNMSM,3.9,3.3,3.1,3.433333333333333,Alto,Bajo,Bajo,Medio,0,4,4,4,4,4,4,4,3,4,4,4,4,4,2,4,4,3,2,3,3,2,3,4,5,3,4,5,1,1,3,2.125,2.5,2.75,2.5
STU_0443,UNMSM,4.1,3.8,3.7,3.8666666666666667,Alto,Alto,Medio,Alto,0,4,4,4,4,4,5,4,4,4,4,4,4,4,4,4,4,4,4,4,2,3,5,4,5,1,5,4,3,3,4,1.5,2.0,1.5,2.0
STU_0444,UNMSM,3.8,3.6,3.6,3.6666666666666665,Medio,Medio,Medio,Medio,0,3,4,4,4,3,4,4,4,4,4,3,4,4,3,4,4,4,3,4,3,3,5,3,5,3,4,4,3,3,3,1.375,2.75,1.75,2.75
STU_0447,UNMSM,3.8,3.6,3.6,3.6666666666666665,Medio,Medio,Medio,Medio,0,4,4,4,4,4,4,4,4,3,3,4,4,4,4,4,4,4,3,4,1,2,4,4,4,4,3,4,3,5,3,1.875,2.5,2.25,2.5
STU_0448,UNMSM,3.5,3.5,3.3,3.4333333333333336,Bajo,Medio,Medio,Medio,0,4,3,3,3,4,3,4,3,4,4,3,3,4,3,4,3,3,4,4,4,2,2,3,4,4,3,3,5,4,3,1.875,2.5,2.25,2.5
STU_0449,UNMSM,3.1,3.2,3.1,3.1333333333333333,Bajo,Bajo,Bajo,Bajo,0,3,4,3,4,2,3,2,3,4,3,3,4,3,3,3,3,4,3,3,3,4,4,3,3,3,3,4,2,2,3,2.0,2.75,2.0,2.75
STU_0450,UNMSM,3.4,3.6,3.4,3.466666666666667,Bajo,Medio,Medio,Medio,0,3,3,3,4,4,5,3,3,3,3,4,3,4,4,4,4,4,4,4,1,4,4,4,4,1,4,4,4,2,3,1.5,1.0,1.0,1.0
STU_0451,UNMSM,3.4,3.4,2.8,3.1999999999999997,Bajo,Medio,Bajo,Bajo,1,4,4,2,3,3,4,4,3,3,4,4,4,4,3,4,3,3,3,4,2,3,2,2,4,4,3,3,3,2,2,3.25,3.75,4.0,3.75
STU_0452,UNMSM,2.8,2.7,3.2,2.9,Bajo,Bajo,Bajo,Bajo,0,3,2,4,2,3,3,2,4,3,2,3,4,2,2,2,2,3,4,3,2,2,3,3,4,4,4,3,1,3,5,2.625,3.0,3.25,3.0
STU_0453,UNMSM,4.1,3.7,3.2,3.6666666666666665,Alto,Alto,Bajo,Medio,1,4,4,4,4,4,5,4,4,4,4,4,4,4,3,4,4,4,4,4,2,2,5,4,5,2,4,2,1,4,3,3.5,4.75,4.0,4.75
STU_0454,UNMSM,3.1,2.9,2.6,2.8666666666666667,Bajo,Bajo,Bajo,Bajo,0,3,3,3,3,4,3,3,3,3,3,3,3,4,3,3,3,3,3,3,1,3,3,3,3,2,3,3,2,2,2,1.625,2.75,2.25,2.75
STU_0456,UNMSM,2.8,2.7,2.7,2.733333333333333,Bajo,Bajo,Bajo,Bajo,0,2,2,4,3,3,4,2,3,2,3,2,3,3,2,3,3,2,4,3,2,2,2,3,2,3,4,3,3,3,2,2.25,2.125,3.0,2.125
STU_0457,UNMSM,3.7,3.9,3.2,3.6,Medio,Alto,Bajo,Medio,1,4,4,4,4,3,3,3,4,4,4,3,4,4,4,4,4,4,4,4,4,3,4,4,4,1,4,4,4,2,2,1.5,1.0,1.0,1.0
STU_0458,UNMSM,3.9,3.9,4.4,4.066666666666666,Alto,Alto,Alto,Alto,0,4,4,4,4,4,3,4,4,4,4,4,4,4,4,4,4,4,4,4,3,4,4,5,4,5,5,5,4,4,4,1.0,1.375,1.0,1.375
STU_0459,UNMSM,4.1,3.9,3.6,3.8666666666666667,Alto,Alto,Medio,Alto,0,4,4,4,4,4,5,4,4,4,4,4,4,3,4,4,4,4,4,4,4,4,2,4,4,2,4,4,4,4,4,2.25,2.5,3.0,2.5
STU_0460,UNMSM,3.6,3.0,2.6,3.0666666666666664,Medio,Bajo,Bajo,Bajo,0,3,3,4,4,3,3,4,4,4,4,3,3,3,3,3,1,3,4,4,3,3,3,1,3,5,3,1,3,3,1,1.25,1.25,1.0,1.25
STU_0461,UNMSM,3.3,2.8,3.3,3.133333333333333,Bajo,Bajo,Medio,Bajo,0,3,3,4,3,4,3,3,3,4,3,1,3,2,3,4,3,3,3,2,4,1,4,3,5,2,4,5,5,1,3,1.875,2.875,2.25,2.875
STU_0462,UNMSM,3.8,3.4,3.2,3.4666666666666663,Medio,Medio,Bajo,Medio,0,4,4,4,4,4,2,4,4,4,4,3,4,4,3,3,4,3,3,3,4,2,1,1,1,5,5,5,4,4,4,1.625,1.625,1.75,1.625
STU_0463,UNMSM,3.3,3.2,3.2,3.233333333333333,Bajo,Bajo,Bajo,Bajo,0,4,3,3,4,2,3,4,3,4,3,3,4,2,4,3,2,4,3,4,3,3,3,4,2,2,3,3,4,4,4,2.375,3.5,2.75,3.5
STU_0464,UNMSM,2.6,2.5,3.0,2.6999999999999997,Bajo,Bajo,Bajo,Bajo,1,3,3,3,3,3,3,3,2,2,1,1,3,3,2,3,3,3,3,1,3,1,3,3,5,3,3,3,3,3,3,2.25,2.25,2.0,2.25
STU_0465,UNMSM,3.0,3.5,3.1,3.1999999999999997,Bajo,Medio,Bajo,Bajo,0,3,2,4,3,3,2,4,3,2,4,4,4,4,3,4,2,3,4,4,3,2,3,4,5,3,4,4,3,2,1,2.375,3.375,3.25,3.375
STU_0466,UNMSM,3.2,3.0,2.5,2.9,Bajo,Bajo,Bajo,Bajo,1,4,4,2,3,3,4,3,3,3,3,3,3,3,3,3,3,3,3,3,3,2,3,3,3,1,3,3,3,1,3,2.875,3.125,3.25,3.125
STU_0467,UNMSM,3.3,3.3,3.5,3.3666666666666667,Bajo,Bajo,Medio,Bajo,0,4,3,3,3,3,3,4,3,4,3,3,4,4,3,4,3,3,3,3,3,3,4,4,4,3,4,4,4,3,2,2.25,1.75,2.5,1.75
STU_0468,UNMSM,3.8,3.8,4.0,3.8666666666666667,Medio,Alto,Alto,Alto,1,4,4,4,4,4,2,4,4,4,4,4,4,5,3,4,4,4,4,4,2,3,4,4,5,2,5,4,4,5,4,1.875,1.375,1.25,1.375
STU_0469,UNMSM,3.6,3.5,3.1,3.4,Medio,Medio,Bajo,Medio,0,3,4,3,3,4,4,4,3,4,4,3,3,3,3,4,3,4,4,4,4,3,3,4,4,4,3,4,2,2,2,1.375,1.125,1.25,1.125
STU_0470,UNI,3.7,3.5,4.2,3.8000000000000003,Medio,Medio,Alto,Alto,0,4,4,3,3,4,4,3,4,4,4,4,4,4,2,4,4,3,4,4,2,5,4,4,5,2,5,4,4,4,5,2.125,2.0,2.25,2.0
STU_0471,UNI,4.0,3.3,3.4,3.5666666666666664,Alto,Bajo,Medio,Medio,0,4,4,4,4,4,5,3,4,4,4,4,3,3,2,4,4,3,4,4,2,3,3,4,5,3,4,3,3,2,4,2.25,2.125,2.5,2.125
STU_0472,UNI,4.1,3.6,3.7,3.7999999999999994,Alto,Medio,Medio,Alto,0,4,4,4,4,4,5,4,4,4,4,4,4,4,2,4,4,4,4,4,2,3,4,5,5,2,4,3,3,3,5,1.0,1.0,1.0,1.0
STU_0473,UNI,3.0,2.1,2.7,2.6,Bajo,Bajo,Bajo,Bajo,0,3,3,3,3,3,3,3,3,3,3,2,2,2,1,2,2,2,2,2,4,3,3,3,4,2,3,2,2,1,4,2.5,2.625,3.0,2.625
STU_0474,UNI,3.8,3.5,3.7,3.6666666666666665,Medio,Medio,Medio,Medio,0,4,4,4,3,4,4,3,4,4,4,4,4,4,2,3,4,4,4,4,2,4,4,4,5,2,4,4,3,3,4,1.25,1.375,1.5,1.375
STU_0475,UNI,4.0,3.5,3.2,3.5666666666666664,Alto,Medio,Bajo,Medio,0,4,4,4,4,4,4,4,4,4,4,4,3,4,2,4,4,4,4,4,2,2,3,4,5,4,4,2,2,2,4,1.375,1.875,1.75,1.875
STU_0476,UNI,3.6,3.0,3.1,3.233333333333333,Medio,Bajo,Bajo,Bajo,0,4,4,3,3,4,4,3,3,4,4,3,3,3,2,3,4,3,3,3,3,3,3,3,5,2,4,3,2,2,4,2.375,2.125,2.75,2.125
STU_0477,UNI,4.1,3.4,3.6,3.6999999999999997,Alto,Medio,Medio,Medio,0,4,4,4,4,4,5,4,4,4,4,4,3,4,2,4,4,4,4,4,1,2,3,5,5,5,5,2,2,2,5,1.0,1.125,1.0,1.125
STU_0478,UNI,3.2,3.2,3.1,3.1666666666666665,Bajo,Bajo,Bajo,Bajo,0,3,4,3,3,3,3,3,3,3,4,3,3,3,3,3,4,3,3,4,3,4,3,3,4,4,3,3,3,3,1,2.375,2.5,2.75,2.5
STU_0479,UNI,4.0,3.6,4.0,3.8666666666666667,Alto,Medio,Alto,Alto,0,4,4,4,4,4,4,4,4,4,4,4,4,4,2,4,4,4,4,4,2,4,4,4,5,2,5,4,4,3,5,2.25,2.125,2.5,2.125
STU_0480,UNI,4.1,3.4,4.6,4.033333333333333,Alto,Medio,Alto,Alto,0,4,4,4,4,4,5,4,4,4,4,4,3,3,3,4,4,4,4,4,1,5,1,5,5,5,5,5,5,5,5,1.0,1.0,1.0,1.0
STU_0481,UNI,4.1,3.6,3.8,3.8333333333333335,Alto,Medio,Medio,Alto,0,4,4,4,4,4,5,4,4,4,4,4,4,4,3,4,4,4,4,4,1,3,4,5,5,2,5,3,3,3,5,1.0,1.0,1.0,1.0
STU_0482,UNI,3.0,2.7,2.8,2.8333333333333335,Bajo,Bajo,Bajo,Bajo,1,3,3,3,3,3,3,3,3,3,3,3,2,3,1,3,3,3,3,3,3,3,3,3,4,3,3,2,2,1,4,3.125,3.375,3.75,3.375
STU_0483,UNI,4.1,3.6,3.7,3.7999999999999994,Alto,Medio,Medio,Alto,0,4,4,4,4,4,5,4,4,4,4,4,4,4,2,4,4,4,4,4,2,3,4,4,5,2,5,3,3,3,5,1.25,1.25,1.5,1.25
STU_0484,UNI,3.8,3.6,3.8,3.733333333333333,Medio,Medio,Medio,Medio,0,4,4,4,3,4,4,3,4,4,4,4,4,4,2,4,4,4,4,4,2,4,4,4,5,2,4,4,3,4,4,2.125,2.0,2.25,2.0
STU_0485,UNI,3.7,3.0,3.2,3.3000000000000003,Medio,Bajo,Bajo,Bajo,1,4,3,3,4,4,4,4,3,4,4,3,3,4,1,4,3,3,4,4,1,2,5,2,4,1,5,5,3,2,3,3.5,3.25,2.5,3.25
STU_0486,UNMSM,3.8,2.9,3.5,3.4,Medio,Bajo,Medio,Medio,0,4,4,4,3,3,4,4,4,4,4,3,3,4,3,3,3,3,3,3,1,4,4,3,5,3,4,4,4,1,3,2.125,3.125,3.25,3.125
STU_0487,UNMSM,3.6,3.4,3.1,3.3666666666666667,Medio,Medio,Bajo,Bajo,0,4,4,4,4,4,3,3,3,3,4,3,4,3,3,4,4,4,4,3,2,1,3,3,5,4,4,3,3,2,3,2.125,3.5,2.75,3.5
STU_0488,UNMSM,3.8,3.7,3.5,3.6666666666666665,Medio,Alto,Medio,Medio,0,4,4,4,3,3,4,4,4,4,4,3,4,4,4,4,4,4,4,4,2,3,4,3,5,1,4,4,4,3,4,2.5,2.5,3.0,2.5
STU_0489,UNMSM,4.1,3.7,4.2,4.0,Alto,Alto,Alto,Alto,1,4,4,4,4,4,5,4,4,4,4,4,4,4,3,4,4,4,4,4,2,3,4,5,5,3,5,3,4,5,5,2.25,2.875,2.5,2.875
STU_0490,UNMSM,3.7,3.0,3.2,3.3000000000000003,Medio,Bajo,Bajo,Bajo,1,4,3,3,4,4,4,4,3,4,4,3,3,4,1,4,3,3,4,4,1,2,5,2,4,1,5,5,3,2,3,3.25,3.25,2.5,3.25
STU_0491,UNMSM,3.8,2.8,3.5,3.3666666666666667,Medio,Bajo,Medio,Bajo,0,4,4,4,3,3,4,4,4,4,4,3,3,4,3,3,3,3,2,3,1,4,4,3,5,3,4,4,4,1,3,2.375,3.125,3.25,3.125
STU_0492,UNMSM,3.6,3.4,3.1,3.3666666666666667,Medio,Medio,Bajo,Bajo,0,4,4,4,4,4,3,3,3,3,4,3,4,3,3,4,4,4,4,3,2,1,3,3,5,4,4,3,3,2,3,2.125,3.5,2.75,3.5
STU_0493,UNMSM,3.0,2.8,2.5,2.766666666666667,Bajo,Bajo,Bajo,Bajo,1,3,2,4,4,2,2,4,3,2,4,4,3,4,4,1,2,3,3,3,1,1,3,2,5,2,4,1,2,2,3,3.625,3.0,3.75,3.0
STU_0494,UNMSM,3.3,3.2,3.1,3.1999999999999997,Bajo,Bajo,Bajo,Bajo,0,3,3,3,4,3,4,4,2,4,3,3,4,4,3,4,3,3,3,3,2,1,3,3,5,4,3,4,3,3,2,1.375,2.75,1.25,2.75
STU_0495,UNMSM,3.1,3.2,2.8,3.0333333333333337,Bajo,Bajo,Bajo,Bajo,1,2,3,3,3,4,3,3,3,4,3,3,4,3,4,3,3,4,3,3,2,2,4,4,3,2,3,3,3,2,2,3.625,3.0,2.75,3.0
STU_0496,UNMSM,4.0,3.8,3.9,3.9,Alto,Alto,Alto,Alto,0,4,4,4,4,4,4,4,4,4,4,4,4,4,4,4,4,4,4,4,2,4,4,4,4,4,5,4,3,3,4,1.5,2.125,1.5,2.125
STU_0497,UNMSM,3.8,3.6,4.2,3.866666666666667,Medio,Medio,Alto,Alto,0,4,4,4,4,3,3,4,4,4,4,4,4,3,2,4,4,4,4,4,3,5,4,4,5,2,3,5,5,4,5,1.875,2.375,2.75,2.375
STU_0498,UNMSM,3.9,3.7,4.0,3.8666666666666667,Alto,Alto,Alto,Alto,0,4,4,4,4,3,4,4,4,4,4,4,3,4,4,4,4,4,3,4,3,4,3,4,4,5,4,4,5,4,3,2.375,2.625,3.25,2.625
STU_0499,UNMSM,3.9,3.7,3.9,3.8333333333333335,Alto,Alto,Alto,Alto,0,4,4,4,4,3,4,4,4,4,4,4,3,4,4,4,4,4,3,4,3,3,4,5,5,2,4,4,5,4,3,2.25,2.625,3.0,2.625
STU_0500,UNMSM,3.9,3.8,3.4,3.6999999999999997,Alto,Alto,Medio,Medio,0,4,4,4,4,4,4,4,3,4,4,4,4,4,4,4,4,4,4,4,2,3,4,3,5,2,4,3,3,3,4,1.625,2.375,1.75,2.375
STU_0501,UNMSM,3.8,3.6,3.8,3.733333333333333,Medio,Medio,Medio,Medio,0,4,4,4,4,4,4,3,3,4,4,4,4,3,4,4,4,3,4,4,2,4,4,4,4,3,4,4,4,4,3,1.75,1.75,2.0,1.75
STU_0502,UNMSM,3.6,2.6,2.5,2.9,Medio,Bajo,Bajo,Bajo,1,4,4,4,3,3,4,4,4,2,4,2,2,3,2,2,3,2,4,2,4,1,3,2,4,4,3,2,2,2,2,3.0,2.625,2.5,2.625
STU_0503,UNMSM,3.0,3.8,2.7,3.1666666666666665,Bajo,Alto,Bajo,Bajo,0,3,4,3,3,1,4,3,3,4,2,3,4,4,4,4,4,4,3,4,4,2,4,4,3,4,4,1,2,2,1,1.75,2.75,2.0,2.75
STU_0504,UNMSM,4.1,3.7,4.1,3.9666666666666663,Alto,Alto,Alto,Alto,0,4,4,4,4,4,5,4,4,4,4,4,4,4,4,4,4,4,4,4,1,4,4,5,5,1,5,4,4,4,5,1.125,1.125,1.25,1.125
STU_0505,UNMSM,3.9,3.7,3.7,3.766666666666667,Alto,Alto,Medio,Alto,1,3,4,4,4,3,5,4,4,4,4,4,4,4,4,4,4,4,4,4,1,3,3,4,5,3,4,3,3,4,5,2.625,3.125,3.75,3.125
STU_0506,UNMSM,3.4,3.5,3.1,3.3333333333333335,Bajo,Medio,Bajo,Bajo,0,3,4,3,3,3,4,3,3,4,4,3,4,4,3,4,4,4,3,4,2,3,4,3,3,3,3,4,3,2,3,1.25,2.25,1.5,2.25
STU_0507,UNMSM,3.4,3.4,3.2,3.3333333333333335,Bajo,Medio,Bajo,Bajo,1,3,3,3,4,3,4,4,3,3,4,3,4,4,3,4,3,4,3,3,3,2,3,3,4,3,4,3,4,3,3,2.75,3.0,3.0,3.0
STU_0508,UNMSM,3.8,3.8,3.5,3.6999999999999997,Medio,Alto,Medio,Medio,1,4,4,4,4,4,2,4,4,4,4,4,3,4,4,4,4,4,4,4,3,4,4,4,4,4,4,3,2,3,3,2.375,2.75,3.75,2.75
STU_0509,UNMSM,3.3,3.6,3.9,3.6,Bajo,Medio,Alto,Medio,0,4,3,4,3,3,2,4,4,4,2,4,4,4,4,4,3,4,4,4,1,4,4,4,5,3,5,4,4,4,2,2.375,2.125,3.25,2.125
STU_0510,UNMSM,3.6,3.5,3.9,3.6666666666666665,Medio,Medio,Alto,Medio,0,3,3,4,4,4,3,3,4,4,4,4,3,3,4,4,3,4,3,4,3,4,4,4,4,4,3,4,4,4,4,2.25,3.5,3.0,3.5
STU_0511,UNMSM,3.3,3.5,3.6,3.466666666666667,Bajo,Medio,Medio,Medio,0,4,3,4,3,3,5,2,1,4,4,4,4,3,4,4,4,3,4,4,1,4,5,5,4,1,3,4,4,3,3,1.5,1.75,2.0,1.75
STU_0512,UNMSM,3.6,2.8,3.0,3.1333333333333333,Medio,Bajo,Bajo,Bajo,0,3,4,4,3,4,5,2,4,3,4,3,3,3,2,3,3,4,3,3,1,2,4,4,4,3,3,2,2,2,4,1.0,1.75,1.0,1.75
STU_0513,UNMSM,4.1,3.6,4.5,4.066666666666666,Alto,Medio,Alto,Alto,0,4,4,4,4,4,5,4,4,4,4,4,4,4,3,4,4,4,4,4,1,4,4,5,5,3,5,4,5,5,5,1.25,1.125,1.0,1.125
STU_0514,UNMSM,4.0,3.8,3.7,3.8333333333333335,Alto,Alto,Medio,Alto,0,3,4,4,4,4,5,4,4,4,4,4,4,4,4,4,4,4,4,4,2,3,4,5,5,4,4,2,2,3,5,2.25,3.25,3.0,3.25
STU_0515,UNMSM,4.0,3.5,3.5,3.6666666666666665,Alto,Medio,Medio,Medio,0,4,4,4,4,4,4,4,4,4,4,4,4,4,2,4,4,4,4,4,1,2,2,4,4,5,4,3,4,3,4,1.25,2.0,1.5,2.0
STU_0517,UNMSM,4.0,3.8,3.5,3.766666666666667,Alto,Alto,Medio,Alto,0,4,4,4,4,4,4,4,4,4,4,4,4,4,4,4,4,4,4,4,2,4,5,4,4,3,4,4,4,1,2,1.5,1.625,1.5,1.625
STU_0518,UNMSM,2.8,3.4,2.9,3.033333333333333,Bajo,Medio,Bajo,Bajo,1,4,2,4,2,2,2,2,3,3,4,4,3,4,4,4,4,3,2,4,2,2,4,2,3,5,4,2,2,3,2,1.5,3.875,1.5,3.875
STU_0520,UNMSM,3.4,3.4,3.1,3.3000000000000003,Bajo,Medio,Bajo,Bajo,1,4,3,4,4,3,2,4,3,4,3,4,3,4,4,3,3,4,3,3,3,2,5,3,3,3,4,3,3,3,2,2.625,3.25,3.75,3.25
STU_0521,UNMSM,3.8,3.8,3.8,3.7999999999999994,Medio,Alto,Medio,Alto,0,4,4,4,4,4,4,3,3,4,4,4,4,4,4,4,4,4,4,4,2,5,4,3,4,4,4,4,3,3,4,1.125,1.875,1.25,1.875
STU_0522,UNMSM,3.3,3.3,2.7,3.1,Bajo,Bajo,Bajo,Bajo,0,4,3,3,4,2,4,4,3,2,4,4,3,2,4,3,4,4,4,3,2,2,3,2,4,2,3,2,2,3,4,1.375,2.25,1.25,2.25
STU_0523,UNMSM,3.5,3.2,3.3,3.3333333333333335,Bajo,Bajo,Medio,Bajo,0,4,3,4,3,4,2,4,4,3,4,4,3,4,4,4,2,4,3,3,1,2,3,4,5,4,4,3,3,3,2,2.125,3.375,2.75,3.375
STU_0524,UNMSM,3.6,3.8,3.4,3.6,Medio,Alto,Medio,Medio,1,4,3,4,2,4,4,4,3,4,4,4,4,4,4,4,3,4,4,4,3,3,5,4,5,3,4,3,2,2,3,2.0,1.875,1.5,1.875
STU_0525,UNMSM,3.7,3.3,3.6,3.533333333333333,Medio,Bajo,Medio,Medio,0,4,4,4,4,3,3,4,4,3,4,3,4,4,3,4,3,3,4,3,2,3,5,4,4,2,4,4,3,4,3,2.0,3.375,2.5,3.375
STU_0527,UNMSM,3.0,3.4,2.9,3.1,Bajo,Medio,Bajo,Bajo,0,3,3,4,4,3,2,3,3,2,3,4,3,4,2,3,3,4,4,4,3,2,4,3,3,1,3,1,5,4,3,2.5,3.25,3.5,3.25
STU_0528,UNMSM,3.9,3.3,2.2,3.133333333333333,Alto,Bajo,Bajo,Bajo,0,3,4,4,4,4,4,4,4,4,4,2,4,4,4,4,4,3,3,3,2,1,2,3,4,3,3,2,2,1,1,1.75,2.5,2.0,2.5
STU_0529,UNMSM,4.1,3.0,4.1,3.733333333333333,Alto,Bajo,Alto,Medio,0,4,4,4,4,4,5,4,4,4,4,3,3,4,2,4,3,3,3,4,1,3,5,5,5,5,5,5,4,3,1,1.625,1.75,1.25,1.75
STU_0530,UNMSM,3.7,3.7,4.1,3.8333333333333335,Medio,Alto,Alto,Alto,1,4,4,4,3,4,3,3,4,4,4,3,4,4,4,4,4,4,4,4,2,3,5,4,5,3,5,4,4,5,3,2.375,1.75,1.75,1.75
STU_0531,UNMSM,4.1,3.6,4.1,3.933333333333333,Alto,Medio,Alto,Alto,0,4,4,4,4,4,5,4,4,4,4,4,4,3,3,4,4,4,4,4,2,3,5,5,5,3,3,5,3,4,5,1.25,1.625,1.0,1.625
STU_0532,UNMSM,3.8,3.6,4.0,3.8000000000000003,Medio,Medio,Alto,Alto,0,3,4,4,4,4,3,4,4,4,4,4,4,4,3,4,4,3,4,4,2,4,5,4,5,3,4,4,3,4,4,1.625,2.0,1.75,2.0
STU_0533,UNMSM,2.9,3.1,3.1,3.033333333333333,Bajo,Bajo,Bajo,Bajo,0,2,2,3,3,2,3,3,4,3,4,4,3,3,3,3,3,3,4,4,1,5,4,3,4,3,3,4,3,1,1,1.875,1.75,2.25,1.75
STU_0534,UNMSM,3.5,3.2,3.3,3.3333333333333335,Bajo,Bajo,Medio,Bajo,0,4,3,4,4,3,3,4,4,2,4,4,3,3,2,3,4,4,3,3,3,3,2,4,4,3,3,4,2,3,5,1.25,2.25,1.0,2.25
STU_0535,UNMSM,3.6,3.3,3.2,3.366666666666667,Medio,Bajo,Bajo,Medio,0,4,4,4,3,4,3,4,3,4,3,4,3,4,4,4,4,3,2,3,2,2,4,3,1,3,4,4,4,4,3,2.0,3.5,3.0,3.5
STU_0536,UNMSM,3.4,3.7,4.4,3.8333333333333335,Bajo,Alto,Alto,Alto,0,4,4,4,2,4,2,4,4,2,4,4,4,4,3,4,4,4,4,4,2,4,5,5,5,1,5,5,5,4,5,1.125,1.375,1.25,1.375
STU_0537,UNMSM,3.5,3.5,3.4,3.466666666666667,Bajo,Medio,Medio,Medio,0,4,3,4,3,4,4,3,3,4,3,4,4,4,3,4,4,3,3,4,2,3,5,3,5,2,3,3,4,3,3,1.125,2.375,1.25,2.375
STU_0538,UNMSM,4.1,3.5,3.9,3.8333333333333335,Alto,Medio,Alto,Alto,1,4,4,4,4,4,5,4,4,4,4,4,4,4,3,4,4,3,4,4,1,3,5,4,5,1,4,4,4,4,5,1.75,1.5,1.0,1.5
STU_0539,UNMSM,3.6,3.3,3.0,3.3000000000000003,Medio,Bajo,Bajo,Bajo,0,3,4,4,4,3,2,4,4,4,4,3,4,4,3,3,3,4,4,3,2,1,5,3,5,2,5,4,2,2,1,1.625,2.875,1.25,2.875
STU_0540,UNMSM,3.7,3.4,3.2,3.4333333333333336,Medio,Medio,Bajo,Medio,0,4,4,4,3,4,4,4,3,4,3,4,4,4,2,4,4,3,3,4,2,4,5,3,5,1,4,3,1,2,4,1.375,2.125,1.25,2.125
STU_0541,UNMSM,3.1,3.2,2.5,2.9333333333333336,Bajo,Bajo,Bajo,Bajo,0,2,4,3,2,3,4,4,4,3,2,4,4,4,4,4,3,4,2,2,1,1,2,2,5,4,2,3,2,2,2,1.0,1.0,1.0,1.0
STU_0542,UNMSM,3.6,3.4,2.4,3.1333333333333333,Medio,Medio,Bajo,Bajo,1,4,4,4,3,2,4,4,4,3,4,4,4,4,2,4,3,4,3,4,2,2,3,2,3,2,3,2,2,2,3,2.875,3.375,4.25,3.375
STU_0543,UNMSM,3.8,3.5,3.1,3.466666666666667,Medio,Medio,Bajo,Medio,0,4,4,3,4,3,5,4,3,4,4,4,3,4,3,4,4,3,4,4,2,3,4,2,5,2,4,3,4,2,2,1.875,2.375,2.25,2.375
STU_0544,UNMSM,3.8,3.5,3.3,3.533333333333333,Medio,Medio,Medio,Medio,0,4,4,4,4,3,4,4,4,3,4,4,4,4,3,3,4,4,3,4,2,2,5,2,5,3,4,3,3,3,3,1.75,2.5,2.0,2.5
STU_0545,UNMSM,2.8,2.5,3.1,2.8000000000000003,Bajo,Bajo,Bajo,Bajo,0,4,2,3,2,3,5,2,2,3,2,2,2,3,3,3,3,2,3,3,1,1,3,2,4,5,5,5,4,1,1,1.375,2.25,1.75,2.25
STU_0546,UNMSM,3.5,3.7,3.4,3.533333333333333,Bajo,Alto,Medio,Medio,0,4,4,4,3,3,3,4,4,3,3,4,3,4,4,4,4,4,3,4,3,3,4,4,5,3,3,3,3,3,3,1.25,1.0,1.0,1.0
STU_0547,UNMSM,3.3,3.3,2.9,3.1666666666666665,Bajo,Bajo,Bajo,Bajo,1,4,3,4,4,2,3,4,4,2,3,4,3,3,4,4,4,4,3,3,1,1,4,3,5,3,4,3,2,1,3,2.25,2.25,2.0,2.25
STU_0548,UNMSM,3.5,3.9,3.4,3.6,Bajo,Alto,Medio,Medio,0,4,4,3,4,4,2,3,4,4,3,4,4,4,4,4,4,4,4,4,3,3,4,3,4,4,4,3,2,4,3,1.0,1.375,1.0,1.375
STU_0549,UNMSM,4.1,3.7,4.2,4.0,Alto,Alto,Alto,Alto,0,4,4,4,4,4,5,4,4,4,4,4,4,4,4,4,4,4,4,4,1,3,4,4,5,5,5,4,3,4,5,1.0,1.25,1.0,1.25
STU_0551,UNMSM,3.2,2.9,2.4,2.8333333333333335,Bajo,Bajo,Bajo,Bajo,0,3,4,3,3,4,2,3,3,4,3,3,3,4,2,3,3,3,4,3,1,1,2,3,5,3,4,3,1,1,1,1.75,3.375,1.5,3.375
STU_0552,UNI,3.4,3.6,3.2,3.4,Bajo,Medio,Bajo,Medio,1,3,3,4,4,3,2,4,4,3,4,3,4,4,3,4,3,4,4,4,3,2,4,4,3,4,4,3,3,3,2,3.625,3.5,3.75,3.5
STU_0554,UNMSM,3.7,3.8,3.0,3.5,Medio,Alto,Bajo,Medio,0,3,3,4,4,4,4,3,4,4,4,3,4,4,4,3,4,4,4,4,4,2,3,4,4,2,3,4,3,2,3,1.0,2.375,1.0,2.375
STU_0555,UNI,3.7,3.7,3.5,3.6333333333333333,Medio,Alto,Medio,Medio,1,4,4,4,3,3,4,4,3,4,4,4,4,4,4,4,4,4,4,4,1,3,4,3,5,3,5,3,3,3,3,2.25,2.375,2.0,2.375
STU_0556,UNI,3.5,2.3,3.5,3.1,Bajo,Bajo,Medio,Bajo,1,4,3,4,3,4,4,4,3,4,2,4,1,3,1,3,2,3,2,3,1,1,3,5,5,2,4,4,4,2,5,3.375,3.75,4.25,3.75
STU_0557,UNI,3.6,3.4,3.4,3.466666666666667,Medio,Medio,Medio,Medio,1,3,4,4,3,3,4,4,4,3,4,4,4,4,3,3,3,4,2,4,3,2,4,5,5,2,4,4,3,3,2,2.75,2.875,2.5,2.875
STU_0558,UNI,3.7,3.6,3.2,3.5,Medio,Medio,Bajo,Medio,1,4,4,4,4,3,4,4,2,4,4,4,4,4,3,4,3,4,4,4,2,3,3,4,4,4,4,3,3,3,1,1.875,2.625,1.75,2.625
STU_0559,UNMSM,3.1,3.5,3.9,3.5,Bajo,Medio,Alto,Medio,0,3,3,3,3,3,3,3,4,3,3,3,4,4,4,4,3,4,3,3,3,3,5,4,5,3,4,4,4,4,3,2.0,2.5,2.5,2.5
STU_0560,UNMSM,3.4,3.1,3.0,3.1666666666666665,Bajo,Bajo,Bajo,Bajo,0,3,4,3,3,3,4,3,4,3,4,3,4,3,4,3,2,3,3,4,2,2,2,3,5,3,5,3,1,3,3,1.875,2.0,2.25,2.0
STU_0561,UNI,3.6,3.9,3.9,3.8000000000000003,Medio,Alto,Alto,Alto,0,4,4,4,4,3,2,4,4,3,4,4,4,4,3,4,4,4,4,4,4,5,5,4,4,3,4,4,4,3,3,2.0,2.875,2.0,2.875
STU_0562,UNI,3.2,3.6,3.2,3.3333333333333335,Bajo,Medio,Bajo,Bajo,1,3,1,3,4,3,5,3,3,4,3,3,4,4,4,3,3,3,4,4,4,3,4,3,5,2,4,3,4,3,1,3.375,2.5,3.25,2.5
STU_0563,UNMSM,3.2,2.9,3.0,3.033333333333333,Bajo,Bajo,Bajo,Bajo,1,3,3,3,3,3,5,3,1,4,4,2,2,2,4,4,3,4,3,1,4,4,2,4,2,5,1,3,5,1,3,2.5,3.75,3.5,3.75
STU_0564,UNI,3.1,2.9,2.6,2.8666666666666667,Bajo,Bajo,Bajo,Bajo,0,3,2,3,4,2,3,4,4,3,3,2,3,4,4,3,3,4,2,2,2,2,3,3,4,4,2,2,2,3,1,1.875,3.5,2.25,3.5
STU_0565,UNMSM,4.1,3.6,4.0,3.9,Alto,Medio,Alto,Alto,0,4,4,4,4,4,5,4,4,4,4,4,4,4,3,4,4,4,4,4,1,3,5,4,5,1,5,4,3,5,5,1.875,1.875,1.75,1.875
STU_0566,UNI,3.4,3.2,3.0,3.1999999999999997,Bajo,Bajo,Bajo,Bajo,0,4,3,3,4,3,2,4,3,4,4,3,3,4,3,4,4,3,2,3,3,2,4,2,5,3,4,2,4,1,3,1.5,2.375,1.5,2.375
STU_0567,UNMSM,3.5,3.8,3.0,3.4333333333333336,Bajo,Alto,Bajo,Medio,0,4,3,3,4,3,3,4,4,3,4,4,4,4,3,4,4,4,4,4,3,2,4,2,4,1,4,3,3,3,4,1.875,2.5,2.75,2.5
STU_0569,UNMSM,3.6,2.9,3.2,3.233333333333333,Medio,Bajo,Bajo,Bajo,0,3,4,3,4,4,4,4,3,4,3,3,3,3,2,4,3,3,2,4,2,3,4,4,3,4,3,3,2,3,3,2.25,2.75,3.0,2.75
STU_0570,UNI,3.5,3.2,2.6,3.1,Bajo,Bajo,Bajo,Bajo,0,4,2,4,4,4,3,3,3,4,4,4,3,4,2,3,3,3,4,4,2,3,5,3,5,2,3,2,1,1,1,2.125,1.875,2.25,1.875
STU_0571,UNMSM,3.8,3.5,3.9,3.733333333333333,Medio,Medio,Alto,Medio,0,3,3,4,4,4,4,4,4,4,4,4,4,4,3,3,2,4,4,4,3,3,5,4,5,1,4,5,5,3,4,2.125,1.875,3.25,1.875
STU_0572,UNI,3.1,3.2,2.5,2.9333333333333336,Bajo,Bajo,Bajo,Bajo,1,3,2,3,3,3,3,3,4,4,3,2,4,4,3,3,4,4,3,4,1,1,3,1,5,5,4,3,1,1,1,3.875,4.125,3.25,4.125
STU_0573,UNI,3.7,3.9,3.4,3.6666666666666665,Medio,Alto,Medio,Medio,0,4,4,3,4,4,4,4,4,2,4,4,4,4,4,4,4,4,3,4,4,2,3,4,3,4,4,4,3,3,4,1.875,2.75,2.25,2.75
STU_0574,UNMSM,3.2,3.1,2.9,3.066666666666667,Bajo,Bajo,Bajo,Bajo,0,3,4,2,4,3,4,3,4,3,2,3,2,3,3,2,4,3,3,4,4,3,3,2,2,4,3,2,3,3,4,2.25,3.0,3.0,3.0
STU_0575,UNI,3.3,3.5,3.2,3.3333333333333335,Bajo,Medio,Bajo,Bajo,0,4,3,4,3,3,2,4,3,3,4,4,4,4,4,4,4,3,3,4,1,1,4,3,4,2,4,4,4,3,3,1.125,2.125,1.25,2.125
STU_0576,UNMSM,3.2,3.5,3.7,3.466666666666667,Bajo,Medio,Medio,Medio,0,4,4,3,2,3,4,3,3,3,3,4,3,4,4,4,4,4,3,3,2,4,5,4,5,2,4,3,3,5,2,2.625,2.0,3.25,2.0
STU_0577,UNI,3.9,3.7,3.8,3.7999999999999994,Alto,Alto,Medio,Alto,0,4,4,4,3,4,4,4,4,4,4,4,4,4,3,4,4,4,4,4,2,2,5,5,4,2,4,4,4,4,4,2.25,2.375,3.0,2.375
STU_0578,UNI,4.0,3.5,3.8,3.766666666666667,Alto,Medio,Medio,Alto,0,4,4,4,4,4,5,4,3,4,4,4,4,4,3,4,4,4,3,4,1,1,3,3,5,5,5,4,4,4,4,1.0,1.75,1.0,1.75
STU_0580,UNI,3.6,4.0,3.9,3.8333333333333335,Medio,Alto,Alto,Alto,0,3,4,3,4,3,3,4,4,4,4,4,4,4,4,4,4,4,4,4,4,4,5,3,5,1,4,5,5,3,4,1.5,1.5,1.5,1.5
STU_0581,UNMSM,3.9,3.4,3.2,3.5,Alto,Medio,Bajo,Medio,1,4,4,4,4,3,4,4,4,4,4,4,4,4,3,4,4,3,2,4,2,2,4,3,4,2,5,4,3,3,2,2.25,2.125,1.0,2.125
STU_0582,UNI,3.8,3.5,3.9,3.733333333333333,Medio,Medio,Alto,Medio,0,4,4,4,4,4,2,4,4,4,4,4,4,4,4,4,2,4,4,4,1,3,5,4,5,2,4,4,4,5,3,2.125,1.375,2.75,1.375
STU_0583,UNMSM,3.9,3.4,3.8,3.6999999999999997,Alto,Medio,Medio,Medio,0,3,4,4,4,4,5,3,4,4,4,3,4,4,2,4,4,3,4,4,2,2,5,5,5,2,5,5,2,2,5,2.125,2.5,2.25,2.5
STU_0584,UNI,3.9,3.7,3.4,3.6666666666666665,Alto,Alto,Medio,Medio,0,3,4,4,4,4,4,4,4,4,4,4,4,4,4,4,4,4,3,4,2,3,4,4,3,2,4,4,4,3,3,1.5,1.625,2.0,1.625
STU_0585,UNI,3.1,3.6,4.0,3.5666666666666664,Bajo,Medio,Alto,Medio,1,3,3,4,3,4,4,2,2,4,2,4,4,4,3,4,4,4,3,4,2,5,3,4,5,3,3,4,4,5,4,2.125,2.125,1.75,2.125
STU_0586,UNI,3.8,3.4,4.2,3.7999999999999994,Medio,Medio,Alto,Alto,0,4,4,4,4,4,2,4,4,4,4,4,3,4,3,4,3,4,4,4,1,5,5,4,4,5,4,3,4,5,3,1.125,1.0,1.25,1.0
STU_0587,UNI,3.8,3.1,2.6,3.1666666666666665,Medio,Bajo,Bajo,Bajo,0,4,4,4,3,4,4,3,4,4,4,4,4,3,3,3,3,2,3,4,2,3,4,3,1,2,3,3,2,4,1,1.75,3.375,2.0,3.375
STU_0588,UNI,3.8,3.6,4.1,3.8333333333333335,Medio,Medio,Alto,Alto,0,4,4,3,4,4,4,3,4,4,4,4,4,3,3,4,3,4,4,4,3,4,4,5,4,4,4,4,4,4,4,1.625,2.0,1.75,2.0
STU_0589,UNI,4.1,3.8,4.3,4.066666666666666,Alto,Alto,Alto,Alto,1,4,4,4,4,4,5,4,4,4,4,4,4,3,4,4,4,4,3,4,4,4,4,5,5,5,4,5,3,5,3,2.125,2.375,1.75,2.375
STU_0590,UNI,3.4,3.8,4.1,3.766666666666666,Bajo,Alto,Alto,Alto,0,3,3,3,3,4,2,4,4,4,4,3,4,4,4,4,4,4,4,3,4,3,5,5,3,5,4,5,5,3,3,2.25,2.875,3.0,2.875
STU_0591,UNI,2.9,2.9,2.8,2.8666666666666667,Bajo,Bajo,Bajo,Bajo,1,3,2,3,4,2,3,3,2,3,4,2,2,4,3,3,3,2,4,3,3,2,3,2,3,3,2,3,4,3,3,2.875,3.375,3.25,3.375
STU_0592,UNI,3.1,3.1,3.6,3.266666666666667,Bajo,Bajo,Medio,Bajo,1,4,3,3,3,3,2,3,3,4,3,3,3,2,3,3,3,4,4,3,3,4,4,3,3,4,4,3,3,5,3,3.0,3.875,3.5,3.875
STU_0593,UNI,4.1,3.5,3.0,3.533333333333333,Alto,Medio,Bajo,Medio,0,4,4,4,4,4,5,4,4,4,4,4,3,4,2,4,4,4,4,4,2,1,3,4,5,4,5,1,1,1,5,1.0,1.25,1.0,1.25
STU_0594,UNI,2.9,2.9,2.8,2.8666666666666667,Bajo,Bajo,Bajo,Bajo,1,3,3,3,3,3,2,3,3,3,3,3,3,3,1,3,3,3,3,3,4,3,3,3,4,3,3,2,2,1,4,3.25,3.375,4.0,3.375
STU_0595,UNI,4.1,3.6,4.2,3.9666666666666663,Alto,Medio,Alto,Alto,0,4,4,4,4,4,5,4,4,4,4,4,4,4,3,4,4,4,4,4,1,4,4,5,5,1,5,4,4,5,5,1.0,1.0,1.0,1.0
STU_0596,UNI,4.1,3.4,3.1,3.533333333333333,Alto,Medio,Bajo,Medio,1,4,4,4,4,4,5,4,4,4,4,4,3,4,2,4,4,4,4,4,1,1,2,5,5,5,5,1,1,1,5,2.25,2.25,2.0,2.25
STU_0597,UNI,3.2,3.2,4.2,3.5333333333333337,Bajo,Bajo,Alto,Medio,0,3,4,3,3,3,3,3,3,4,3,4,4,4,2,3,4,3,3,3,2,5,5,4,5,1,4,5,4,5,4,2.375,2.25,2.75,2.25
STU_0598,UNI,3.9,3.3,3.3,3.5,Alto,Bajo,Medio,Medio,1,4,4,4,4,4,4,3,4,4,4,4,3,4,2,4,4,3,4,3,2,3,3,4,5,2,4,3,2,2,5,1.75,1.125,1.5,1.125
STU_0599,UNI,4.3,3.7,3.9,3.966666666666667,Alto,Alto,Alto,Alto,0,4,4,4,4,4,5,4,4,5,5,4,4,4,3,4,4,4,5,4,1,4,4,5,5,2,5,4,4,1,5,2.125,1.875,2.25,1.875
STU_0600,UNI,3.6,3.0,3.2,3.266666666666667,Medio,Bajo,Bajo,Bajo,1,4,3,4,3,4,4,3,3,4,4,3,3,3,2,3,4,3,3,3,3,3,3,3,5,3,4,3,2,2,4,2.75,2.0,2.5,2.0
STU_0601,UNI,3.2,3.4,3.9,3.5,Bajo,Medio,Alto,Medio,0,3,4,3,3,3,3,3,3,4,3,4,4,4,2,3,4,4,3,4,2,4,4,3,5,2,4,4,5,4,4,2.125,1.75,2.25,1.75
STU_0602,UNI,4.0,3.5,2.8,3.4333333333333336,Alto,Medio,Bajo,Medio,0,4,4,4,4,4,4,4,4,4,4,4,3,4,2,4,4,4,4,4,2,1,2,4,5,5,4,1,1,1,4,2.0,2.375,2.0,2.375
STU_0603,UNI,4.0,3.6,4.4,4.0,Alto,Medio,Alto,Alto,0,4,4,4,4,4,4,4,4,4,4,4,4,4,2,4,4,4,4,4,2,5,5,5,5,1,5,5,4,4,5,2.0,2.875,2.0,2.875
STU_0604,UNI,3.4,2.6,3.3,3.1,Bajo,Bajo,Medio,Bajo,1,4,3,3,4,3,2,3,4,4,4,3,2,3,2,3,2,2,2,3,4,3,2,2,3,4,4,5,4,3,3,3.625,3.125,3.75,3.125
STU_0605,UNI,3.8,3.3,3.3,3.4666666666666663,Medio,Bajo,Medio,Medio,0,4,4,4,3,4,4,3,4,4,4,4,3,3,2,4,4,3,4,4,2,2,3,4,5,4,4,2,2,2,5,2.25,2.125,2.5,2.125
STU_0606,UNI,3.5,3.0,3.1,3.1999999999999997,Bajo,Bajo,Bajo,Bajo,1,4,4,3,3,4,3,3,3,4,4,3,3,3,2,3,4,3,3,3,3,3,3,3,5,2,4,3,2,2,4,2.625,2.0,2.25,2.0
STU_0607,UNI,4.0,3.7,3.8,3.8333333333333335,Alto,Alto,Medio,Alto,0,4,4,4,4,4,4,4,4,4,4,4,4,4,3,4,4,4,4,4,2,3,4,5,4,2,5,3,4,3,5,1.25,1.25,1.5,1.25
STU_0608,UNI,4.0,3.5,3.1,3.533333333333333,Alto,Medio,Bajo,Medio,0,4,4,4,4,4,4,4,4,4,4,4,3,4,2,4,4,4,4,4,2,2,2,5,4,4,5,2,1,2,4,2.125,2.125,2.25,2.125
STU_0609,UNI,3.7,3.2,3.6,3.5,Medio,Bajo,Medio,Medio,0,4,4,4,3,4,3,3,4,4,4,3,4,3,2,4,4,3,3,3,3,4,4,4,4,2,4,4,3,3,4,2.25,2.25,2.5,2.25
STU_0610,UNI,4.0,3.4,3.6,3.6666666666666665,Alto,Medio,Medio,Medio,0,4,4,4,4,4,4,4,4,4,4,4,3,4,2,3,4,4,4,4,2,3,4,4,5,2,4,3,3,3,5,2.125,2.125,2.25,2.125
STU_0611,UNI,4.1,3.4,3.0,3.5,Alto,Medio,Bajo,Medio,0,4,4,4,4,4,5,4,4,4,4,4,3,4,2,4,4,4,4,4,1,1,3,5,4,4,5,1,1,2,4,1.125,1.5,1.25,1.5
STU_0612,UNI,3.6,3.3,3.4,3.4333333333333336,Medio,Bajo,Medio,Medio,1,3,4,4,3,4,3,4,3,4,4,4,3,4,2,3,3,4,4,3,3,3,3,4,4,3,4,3,3,3,4,2.875,2.5,3.25,2.5
STU_0613,UNI,4.1,3.6,4.0,3.9,Alto,Medio,Alto,Alto,1,4,4,4,4,4,5,4,4,4,4,4,4,4,3,4,4,4,4,4,1,4,4,4,5,1,5,4,4,4,5,2.0,1.0,1.0,1.0
STU_0614,UNMSM,3.4,3.0,2.9,3.1,Bajo,Bajo,Bajo,Bajo,0,3,4,3,3,4,3,3,4,3,4,3,3,3,2,3,4,3,3,3,3,3,3,3,4,2,4,3,2,2,3,2.375,2.375,2.75,2.375
STU_0615,UNMSM,4.0,3.5,3.7,3.733333333333333,Alto,Medio,Medio,Medio,0,4,4,4,4,4,4,4,4,4,4,4,4,3,2,4,4,4,4,4,2,3,4,4,5,2,5,3,3,3,5,1.25,1.375,1.5,1.375
STU_0616,UNMSM,3.2,2.9,2.9,3.0,Bajo,Bajo,Bajo,Bajo,1,3,3,4,3,3,3,3,3,4,3,3,3,3,2,3,3,3,3,3,3,3,3,3,4,3,3,2,2,2,4,3.0,2.625,3.0,2.625
STU_0617,UNMSM,4.1,3.6,3.8,3.8333333333333335,Alto,Medio,Medio,Alto,1,4,4,4,4,4,5,4,4,4,4,4,4,4,3,4,4,4,4,4,1,3,4,5,5,2,5,3,3,3,5,1.5,1.0,1.0,1.0
STU_0618,UNMSM,3.2,2.7,2.7,2.866666666666667,Bajo,Bajo,Bajo,Bajo,1,3,3,3,3,4,3,3,3,3,4,3,1,3,2,3,3,3,3,3,3,2,2,3,4,4,3,2,2,1,4,3.125,3.25,3.75,3.25
STU_0619,UNI,4.1,3.6,4.0,3.9,Alto,Medio,Alto,Alto,0,4,4,4,4,4,5,4,4,4,4,4,4,4,3,4,4,4,4,4,1,4,4,5,5,1,5,4,5,4,3,1.0,1.0,1.0,1.0
STU_0620,UNI,3.5,3.0,3.1,3.1999999999999997,Bajo,Bajo,Bajo,Bajo,0,4,3,4,3,4,3,3,4,3,4,3,3,3,2,3,4,3,3,3,3,3,3,4,4,2,4,3,2,2,4,2.25,2.0,2.5,2.0
STU_0621,UNI,4.0,3.6,3.7,3.766666666666667,Alto,Medio,Medio,Alto,0,4,4,4,4,4,4,4,4,4,4,4,4,4,2,4,4,4,4,4,2,3,4,4,5,2,5,3,3,3,5,1.75,1.25,1.5,1.25
STU_0622,UNI,3.6,3.1,3.3,3.3333333333333335,Medio,Bajo,Medio,Bajo,0,4,4,3,3,4,3,3,4,4,4,4,3,4,2,3,3,3,3,3,3,3,3,4,4,2,4,3,3,3,4,2.25,2.125,2.5,2.125
STU_0623,UNI,4.1,3.6,4.1,3.933333333333333,Alto,Medio,Alto,Alto,0,4,4,4,4,4,5,4,4,4,4,4,4,4,3,4,4,4,4,4,1,4,4,5,5,1,5,4,4,4,5,1.0,1.0,1.0,1.0
STU_0624,UNI,3.4,3.0,2.9,3.1,Bajo,Bajo,Bajo,Bajo,1,3,4,3,4,3,3,3,4,3,4,3,3,3,2,3,4,3,3,3,3,3,3,3,4,2,4,3,2,2,3,2.875,2.375,2.75,2.375
STU_0625,UNI,4.0,3.6,3.7,3.766666666666667,Alto,Medio,Medio,Alto,0,4,4,4,4,4,4,4,4,4,4,4,4,4,2,4,4,4,4,4,2,3,4,4,5,2,5,3,3,3,5,1.5,1.25,1.5,1.25
STU_0626,UNI,3.1,3.0,3.2,3.1,Bajo,Bajo,Bajo,Bajo,0,4,3,4,3,4,4,3,2,2,2,4,3,4,2,3,3,3,3,3,2,3,3,3,5,2,4,3,2,3,4,2.125,2.0,2.25,2.0
STU_0627,UNI,3.2,2.8,2.9,2.966666666666667,Bajo,Bajo,Bajo,Bajo,1,3,3,3,3,4,3,3,3,4,3,3,2,3,2,3,3,3,3,3,3,3,3,3,4,3,3,2,2,2,4,3.0,2.875,3.5,2.875
STU_0628,UNI,4.1,3.6,3.8,3.8333333333333335,Alto,Medio,Medio,Alto,0,4,4,4,4,4,5,4,4,4,4,4,4,4,3,4,4,4,4,4,1,3,4,5,5,2,5,3,3,3,5,1.0,1.0,1.0,1.0
STU_0629,UNI,4.5,4.0,3.7,4.066666666666666,Alto,Alto,Medio,Alto,0,4,5,4,4,5,5,4,5,4,5,5,4,4,3,5,4,4,5,5,1,3,4,4,5,2,5,3,3,3,5,1.25,1.125,1.5,1.125
STU_0630,UNI,3.4,3.0,3.0,3.1333333333333333,Bajo,Bajo,Bajo,Bajo,0,3,4,3,3,4,3,3,4,3,4,3,3,3,2,3,4,3,3,3,3,3,3,3,4,2,4,3,2,2,4,2.375,2.375,2.75,2.375
STU_0631,UNI,3.8,3.3,3.3,3.4666666666666663,Medio,Bajo,Medio,Medio,0,4,4,4,3,4,4,3,4,4,4,4,3,3,2,4,4,3,4,4,2,3,3,4,5,2,4,3,3,2,4,2.25,2.25,2.5,2.25
STU_0632,UNI,3.2,2.8,2.9,2.966666666666667,Bajo,Bajo,Bajo,Bajo,1,3,3,3,3,4,3,3,3,4,3,3,2,3,2,3,3,3,3,3,3,3,3,3,4,3,3,2,2,2,4,3.0,3.0,3.5,3.0
STU_0633,UNMSM,5.0,4.3,4.1,4.466666666666667,Alto,Alto,Alto,Alto,0,5,5,5,5,5,5,5,5,5,5,5,4,5,3,5,5,5,5,5,1,4,4,5,5,1,5,4,4,4,5,1.0,1.0,1.0,1.0
STU_0634,UNI,4.3,4.0,3.7,4.0,Alto,Alto,Medio,Alto,0,4,5,4,4,5,4,4,4,5,4,5,4,4,2,4,4,5,5,5,2,3,3,5,5,2,5,3,3,3,5,1.25,1.125,1.5,1.125
STU_0635,UNI,3.1,2.8,2.7,2.866666666666667,Bajo,Bajo,Bajo,Bajo,1,3,3,3,3,4,2,3,3,3,4,3,2,3,1,3,3,3,3,3,4,2,2,3,4,4,3,2,2,1,4,3.25,3.625,4.0,3.625
STU_0636,UNI,3.7,3.2,3.2,3.366666666666667,Medio,Bajo,Bajo,Medio,0,4,4,3,3,4,4,3,4,4,4,3,3,3,2,4,4,3,4,4,2,3,3,4,5,2,4,3,2,2,4,2.25,2.125,2.5,2.125
STU_0637,UNI,4.2,3.6,3.9,3.9000000000000004,Alto,Medio,Alto,Alto,0,4,5,4,4,4,4,4,4,5,4,4,4,4,2,4,4,4,4,4,2,4,4,4,5,2,5,4,3,3,5,1.25,1.125,1.5,1.125
STU_0638,UNI,3.4,2.9,3.0,3.1,Bajo,Bajo,Bajo,Bajo,1,3,4,3,3,4,3,3,3,4,4,3,3,3,2,3,3,3,3,3,3,3,3,3,4,3,4,2,2,2,4,3.5,2.875,3.5,2.875
STU_0639,UNI,4.5,3.6,3.9,4.0,Alto,Medio,Alto,Alto,0,4,5,4,5,4,5,5,4,5,4,4,4,4,2,4,4,4,4,4,2,4,4,4,5,1,5,4,3,4,5,1.0,1.0,1.0,1.0
STU_0640,UNI,3.6,3.0,3.0,3.1999999999999997,Medio,Bajo,Bajo,Bajo,0,4,3,4,3,4,4,3,4,3,4,3,3,4,2,3,4,3,3,3,2,3,3,3,4,2,4,3,2,2,4,2.25,2.125,2.5,2.125
STU_0641,UNI,4.6,3.8,3.9,4.1,Alto,Alto,Alto,Alto,0,5,4,5,4,5,5,4,5,4,5,4,4,4,2,5,5,4,4,5,1,3,4,5,5,2,5,3,3,4,5,1.0,1.0,1.0,1.0
STU_0642,UNI,3.5,3.0,3.1,3.1999999999999997,Bajo,Bajo,Bajo,Bajo,0,3,4,3,4,4,3,3,4,3,4,3,3,3,2,3,3,4,3,3,3,3,3,4,4,2,4,3,2,2,4,2.375,2.25,2.75,2.25
STU_0643,UNI,4.2,3.5,3.4,3.6999999999999997,Alto,Medio,Medio,Medio,0,4,4,5,4,4,4,4,4,5,4,4,3,4,2,4,4,4,4,4,2,2,3,4,5,4,5,2,2,2,5,1.25,1.25,1.5,1.25
STU_0644,UNI,4.0,3.6,4.3,3.9666666666666663,Alto,Medio,Alto,Alto,0,4,4,4,4,4,4,4,4,4,4,4,4,4,2,4,4,4,4,4,2,5,5,4,5,1,5,5,4,5,4,1.125,1.0,1.25,1.0
STU_0645,UNI,3.5,3.1,3.3,3.2999999999999994,Bajo,Bajo,Medio,Bajo,0,4,3,4,4,3,3,3,4,4,3,3,3,3,2,4,4,3,3,3,3,3,3,4,4,2,4,3,3,3,4,2.375,2.125,2.75,2.125
STU_0646,UNI,3.5,3.1,3.7,3.4333333333333336,Bajo,Bajo,Medio,Medio,0,3,4,4,3,4,3,4,3,4,3,4,3,4,2,3,3,4,3,3,2,4,4,4,4,2,4,4,4,3,4,2.125,1.875,2.25,1.875
STU_0647,UNI,4.4,4.0,3.9,4.1000000000000005,Alto,Alto,Alto,Alto,0,5,4,4,5,4,4,5,4,4,5,5,4,4,2,5,4,4,5,5,2,3,4,5,5,2,5,3,3,4,5,1.125,1.0,1.25,1.0
STU_0648,UNI,3.8,3.2,3.3,3.4333333333333336,Medio,Bajo,Medio,Medio,0,4,4,3,4,4,4,4,3,4,4,4,3,4,2,4,3,3,3,4,2,3,3,4,4,2,4,3,3,3,4,2.125,2.0,2.25,2.0
STU_0649,UNI,4.6,3.9,4.1,4.2,Alto,Alto,Alto,Alto,0,5,4,5,4,5,5,4,5,4,5,4,4,5,3,4,5,4,4,5,1,4,4,5,5,1,5,4,4,4,5,1.0,1.0,1.0,1.0
STU_0650,UNI,3.4,3.0,3.0,3.1333333333333333,Bajo,Bajo,Bajo,Bajo,0,3,4,3,3,4,3,3,4,3,4,3,3,3,2,3,3,4,3,3,3,3,3,3,4,3,4,2,2,2,4,2.375,2.375,2.75,2.375
STU_0651,UNI,3.8,3.2,3.4,3.466666666666667,Medio,Bajo,Medio,Medio,0,4,4,4,3,4,4,3,4,4,4,3,3,3,2,4,4,3,3,4,3,3,3,4,5,2,4,3,3,3,4,2.25,2.25,2.5,2.25
STU_0652,UNI,4.7,3.6,3.5,3.9333333333333336,Alto,Medio,Medio,Alto,0,5,5,4,5,4,5,5,4,5,5,4,3,4,2,5,4,4,4,5,1,2,3,5,5,4,5,2,2,2,5,1.125,1.25,1.25,1.25
STU_0653,UNI,3.6,3.0,3.3,3.2999999999999994,Medio,Bajo,Medio,Bajo,0,4,3,4,4,3,3,3,4,4,4,3,3,3,2,3,4,3,3,3,3,3,3,4,4,2,4,3,3,3,4,2.375,2.125,2.75,2.125
STU_0654,UNI,4.0,3.6,4.3,3.9666666666666663,Alto,Medio,Alto,Alto,0,4,4,4,4,4,4,4,4,4,4,4,4,4,2,4,4,4,4,4,2,5,5,4,5,1,5,5,4,5,4,1.125,1.0,1.25,1.0
STU_0655,UNI,3.3,2.8,2.9,3.0,Bajo,Bajo,Bajo,Bajo,1,3,3,4,3,4,3,3,3,4,3,3,2,3,2,3,3,3,3,3,3,3,3,3,4,3,3,2,2,2,4,3.0,2.875,3.5,2.875
STU_0656,UNI,4.4,3.7,4.0,4.033333333333334,Alto,Alto,Alto,Alto,0,4,5,4,4,4,5,4,5,4,5,4,4,4,3,4,4,5,4,4,1,4,4,4,5,1,5,4,4,4,5,1.0,1.0,1.0,1.0
STU_0657,UNI,4.4,4.0,3.9,4.1000000000000005,Alto,Alto,Alto,Alto,0,5,4,4,5,4,4,5,4,5,4,5,4,4,2,5,4,4,5,5,2,3,4,5,5,2,5,3,3,4,5,1.125,1.125,1.25,1.125
STU_0658,UNI,3.8,3.2,3.3,3.4333333333333336,Medio,Bajo,Medio,Medio,0,4,4,3,4,4,4,4,3,4,4,4,3,4,2,4,3,3,3,4,2,3,3,4,4,2,4,3,3,3,4,2.125,2.0,2.25,2.0
STU_0659,UNI,3.8,4.0,4.4,4.066666666666666,Medio,Alto,Alto,Alto,0,4,4,4,4,4,2,4,4,4,4,4,4,4,4,4,4,4,4,4,4,4,5,4,5,5,4,4,4,4,5,1.375,1.875,1.75,1.875
STU_0661,UNI,3.7,3.2,3.2,3.366666666666667,Medio,Bajo,Bajo,Medio,1,4,3,4,4,4,2,4,4,4,4,4,4,3,4,4,2,2,3,3,3,2,3,3,2,5,3,3,3,4,4,2.125,1.625,1.75,1.625
STU_0662,UNI,4.0,3.7,4.0,3.9,Alto,Alto,Alto,Alto,0,4,4,4,4,4,4,4,4,4,4,4,4,5,4,4,3,4,4,4,1,5,5,5,5,1,5,4,4,5,1,1.0,1.0,1.0,1.0
STU_0663,UNI,3.8,3.5,3.6,3.6333333333333333,Medio,Medio,Medio,Medio,0,4,3,4,4,4,3,4,4,4,4,3,3,4,3,4,4,3,4,4,3,2,4,3,3,4,4,4,3,5,4,1.5,1.375,1.5,1.375
STU_0664,UNI,2.9,2.6,3.1,2.8666666666666667,Bajo,Bajo,Bajo,Bajo,0,3,3,3,2,4,3,3,3,3,2,2,3,2,2,3,3,3,2,3,3,3,3,3,2,4,4,2,3,3,4,2.0,2.625,2.0,2.625
STU_0666,UNI,3.2,3.5,3.5,3.4,Bajo,Medio,Medio,Medio,0,4,3,3,3,3,3,3,4,3,3,3,4,4,3,4,4,4,3,3,3,1,4,5,5,4,3,4,3,3,3,2.375,3.5,2.75,3.5
STU_0667,UNI,3.5,3.5,3.2,3.4,Bajo,Medio,Bajo,Medio,1,4,3,3,4,3,3,4,3,4,4,4,4,4,4,3,3,3,3,4,3,3,4,2,3,4,3,4,4,2,3,2.25,3.625,2.5,3.625
STU_0668,UNMSM,4.7,4.0,4.0,4.233333333333333,Alto,Alto,Alto,Alto,0,5,5,4,4,5,5,4,5,5,5,4,4,4,3,5,5,4,5,5,1,4,4,5,5,1,5,4,4,3,5,1.0,1.0,1.0,1.0
STU_0669,UNMSM,3.7,3.3,3.2,3.4,Medio,Bajo,Bajo,Medio,0,4,4,3,3,4,4,3,4,4,4,4,3,3,2,4,4,3,4,4,2,3,3,4,5,2,4,3,2,2,4,2.25,2.25,2.5,2.25
STU_0670,UNMSM,3.5,3.0,3.2,3.233333333333333,Bajo,Bajo,Bajo,Bajo,0,4,3,4,3,4,3,3,4,3,4,3,3,3,2,3,4,3,3,3,3,3,3,4,4,2,4,3,3,2,4,2.375,2.25,2.75,2.25
STU_0671,UNMSM,4.5,3.6,3.5,3.8666666666666667,Alto,Medio,Medio,Alto,0,5,4,5,4,4,5,4,5,5,4,4,3,4,2,5,4,4,4,4,2,2,3,5,5,4,5,2,2,2,5,1.25,1.375,1.5,1.375
STU_0672,UNMSM,3.7,3.0,3.1,3.266666666666667,Medio,Bajo,Bajo,Bajo,0,4,4,3,4,4,4,3,4,4,3,3,3,4,2,3,4,3,3,3,2,3,3,4,4,2,4,3,2,2,4,2.5,2.375,3.0,2.375
STU_0673,UNMSM,5.0,4.4,4.3,4.566666666666666,Alto,Alto,Alto,Alto,0,5,5,5,5,5,5,5,5,5,5,5,5,5,3,5,5,5,5,5,1,4,5,5,5,1,5,4,5,4,5,1.0,1.0,1.0,1.0
STU_0674,UNMSM,3.2,2.8,2.7,2.9,Bajo,Bajo,Bajo,Bajo,1,3,3,3,3,4,3,3,3,3,4,3,2,3,2,3,3,3,3,3,3,2,2,3,4,4,3,2,2,1,4,3.125,3.125,3.75,3.125
STU_0675,UNMSM,4.0,3.7,4.3,4.0,Alto,Alto,Alto,Alto,0,4,4,4,4,4,4,4,4,4,4,4,5,4,2,4,4,4,4,4,2,5,5,4,5,1,5,5,4,5,4,1.25,1.0,1.5,1.0
STU_0676,UNMSM,3.6,3.2,3.3,3.366666666666667,Medio,Bajo,Medio,Medio,0,4,3,4,4,3,3,4,3,4,4,3,3,3,2,4,4,3,4,3,3,3,3,4,4,2,4,3,3,3,4,2.25,2.125,2.5,2.125
STU_0677,UNMSM,3.2,2.8,2.9,2.966666666666667,Bajo,Bajo,Bajo,Bajo,1,3,4,3,3,3,3,3,4,3,3,3,3,3,1,3,3,3,3,3,3,3,3,3,4,3,3,2,2,2,4,3.125,3.25,3.75,3.25
STU_0678,UNMSM,4.9,4.2,4.1,4.4,Alto,Alto,Alto,Alto,0,5,5,5,4,5,5,5,5,5,5,5,4,5,3,5,5,4,5,5,1,4,4,5,5,1,5,4,4,4,5,1.0,1.0,1.0,1.0
STU_0679,UNMSM,3.4,3.0,3.0,3.1333333333333333,Bajo,Bajo,Bajo,Bajo,0,3,4,3,3,4,3,3,4,3,4,3,3,3,2,3,4,3,3,3,3,3,3,3,4,2,4,3,2,2,4,2.375,2.375,2.75,2.375
STU_0680,UNMSM,3.8,3.3,3.4,3.5,Medio,Bajo,Medio,Medio,0,4,4,4,3,4,4,3,4,4,4,4,3,3,2,4,4,3,4,4,2,3,3,4,5,3,4,3,3,2,4,2.25,2.125,2.5,2.125
STU_0681,UNMSM,4.4,3.8,3.9,4.033333333333333,Alto,Alto,Alto,Alto,0,4,5,4,5,4,4,4,5,4,5,4,4,4,3,4,5,4,4,4,2,4,4,4,5,2,5,4,3,3,5,1.25,1.25,1.5,1.25
STU_0682,UNMSM,3.6,3.1,2.9,3.1999999999999997,Medio,Bajo,Bajo,Bajo,0,3,4,4,3,4,4,3,4,3,4,3,3,4,2,3,4,3,3,3,3,2,3,3,4,3,4,2,2,2,4,2.25,2.25,2.5,2.25
STU_0683,UNMSM,4.5,3.6,3.5,3.8666666666666667,Alto,Medio,Medio,Alto,0,5,4,5,4,4,5,4,5,5,4,4,3,4,2,5,4,4,4,4,2,2,3,5,5,4,5,2,2,2,5,1.125,1.25,1.25,1.25
STU_0684,UNMSM,4.0,3.7,4.3,4.0,Alto,Alto,Alto,Alto,0,4,4,4,4,4,4,4,4,4,4,4,5,4,2,4,4,4,4,4,2,5,5,4,5,1,5,5,4,5,4,1.125,1.0,1.25,1.0
STU_0685,UNMSM,3.2,2.9,3.1,3.0666666666666664,Bajo,Bajo,Bajo,Bajo,1,3,3,4,3,3,3,3,4,3,3,3,3,3,2,3,3,3,3,3,3,3,3,3,4,3,4,3,2,2,4,2.875,3.25,3.75,3.25
STU_0686,UNMSM,3.4,2.9,3.0,3.1,Bajo,Bajo,Bajo,Bajo,1,3,4,3,3,4,3,3,3,4,4,3,3,3,2,3,3,3,3,3,3,3,3,3,4,3,4,2,2,2,4,3.0,3.0,3.5,3.0
STU_0687,UNMSM,4.7,4.2,4.6,4.5,Alto,Alto,Alto,Alto,0,5,4,5,4,5,5,4,5,5,5,5,5,5,3,4,4,5,5,5,1,5,5,5,5,1,5,5,5,5,5,1.0,1.0,1.0,1.0
STU_0688,UNMSM,4.2,3.5,3.4,3.6999999999999997,Alto,Medio,Medio,Medio,0,4,5,4,4,4,4,4,5,4,4,4,3,4,2,4,4,4,4,4,2,2,3,4,5,4,5,2,2,2,5,2.125,2.0,2.25,2.0
STU_0689,UNMSM,3.3,2.8,2.8,2.9666666666666663,Bajo,Bajo,Bajo,Bajo,0,3,4,3,3,4,3,3,4,3,3,3,2,3,2,3,3,3,3,3,3,2,2,3,4,4,3,2,2,2,4,2.125,2.0,2.25,2.0
STU_0690,UNMSM,3.8,3.1,3.1,3.3333333333333335,Medio,Bajo,Bajo,Bajo,0,4,4,4,3,4,4,3,4,4,4,4,3,3,2,3,3,4,4,3,2,3,3,4,4,3,4,2,2,2,4,2.125,2.0,2.25,2.0
STU_0691,UNMSM,4.2,3.5,3.4,3.6999999999999997,Alto,Medio,Medio,Medio,0,4,4,5,4,4,4,4,4,5,4,4,3,4,2,4,4,4,4,4,2,2,3,4,5,4,5,2,2,2,5,2.125,2.0,2.25,2.0
STU_0692,UNMSM,3.2,2.8,3.0,3.0,Bajo,Bajo,Bajo,Bajo,1,3,3,3,3,4,3,3,3,3,4,3,2,3,2,3,3,3,3,3,3,3,3,3,4,3,4,2,2,2,4,3.0,3.0,3.5,3.0
STU_0693,UNMSM,4.6,3.9,3.9,4.133333333333334,Alto,Alto,Alto,Alto,0,5,4,5,4,5,5,4,5,5,4,5,4,4,2,5,4,4,5,5,1,3,4,5,5,2,5,3,3,4,5,2.125,2.0,2.25,2.0
STU_0694,UNMSM,3.6,3.1,3.3,3.3333333333333335,Medio,Bajo,Medio,Bajo,0,4,3,4,4,3,3,4,3,4,4,3,3,3,2,4,4,3,3,3,3,3,3,4,4,2,4,3,3,3,4,2.125,2.0,2.25,2.0
STU_0695,UNMSM,4.2,3.5,3.1,3.6,Alto,Medio,Bajo,Medio,0,4,4,5,4,4,4,4,4,5,4,4,3,4,2,4,4,4,4,4,2,1,3,4,5,5,5,1,1,1,5,2.75,3.0,3.5,3.0
STU_0696,UNMSM,3.6,3.1,3.0,3.233333333333333,Medio,Bajo,Bajo,Bajo,0,3,4,4,3,4,4,3,4,3,4,3,3,4,2,3,4,3,3,3,3,2,3,3,4,4,4,2,2,2,4,2.125,2.0,2.25,2.0
STU_0697,UNMSM,4.5,3.8,4.0,4.1000000000000005,Alto,Alto,Alto,Alto,0,5,4,4,5,4,5,5,4,4,5,4,4,4,2,5,5,4,4,5,1,3,4,5,5,2,5,3,4,4,5,2.125,2.0,2.25,2.0
STU_0698,UNMSM,3.7,3.0,2.8,3.1666666666666665,Medio,Bajo,Bajo,Bajo,1,4,4,3,4,4,3,3,4,4,4,3,3,3,2,3,4,3,3,3,3,2,2,3,4,4,4,2,2,1,4,3.0,2.625,3.0,2.625
STU_0699,UNMSM,4.5,3.5,3.4,3.8000000000000003,Alto,Medio,Medio,Alto,0,5,4,5,4,4,4,4,5,5,5,4,3,4,2,4,4,4,4,4,2,2,3,4,5,4,5,2,2,2,5,1.25,1.375,1.5,1.375
STU_0700,UNMSM,3.4,2.7,2.7,2.9333333333333336,Bajo,Bajo,Bajo,Bajo,1,3,3,4,3,4,3,3,3,4,4,3,2,3,1,3,3,3,3,3,3,2,2,3,4,4,3,2,2,1,4,3.125,3.75,3.75,3.75
STU_0701,UNMSM,3.8,3.0,3.2,3.3333333333333335,Medio,Bajo,Bajo,Bajo,1,4,4,4,4,3,4,4,4,4,3,3,3,3,2,4,4,3,3,3,2,3,3,3,5,3,4,3,2,2,4,2.875,2.375,2.75,2.375
STU_0702,UNMSM,4.4,3.5,3.4,3.766666666666667,Alto,Medio,Medio,Alto,0,4,5,4,5,4,4,4,5,5,4,4,3,4,2,4,4,4,4,4,2,2,3,4,5,4,5,2,2,2,5,1.25,1.5,1.5,1.5
STU_0703,UNMSM,3.1,2.6,2.7,2.8000000000000003,Bajo,Bajo,Bajo,Bajo,1,3,3,3,3,4,2,3,3,3,4,2,2,2,1,3,3,3,3,3,4,2,2,3,4,4,3,2,2,1,4,4.375,4.5,4.75,4.5
STU_0704,UNMSM,3.8,3.2,3.2,3.4,Medio,Bajo,Bajo,Medio,1,4,3,4,4,4,4,3,4,4,4,3,3,4,2,3,4,3,3,4,3,3,3,4,4,3,4,3,2,2,4,3.0,2.75,3.0,2.75
STU_0705,UNMSM,4.6,3.8,3.1,3.8333333333333326,Alto,Alto,Bajo,Alto,0,5,4,5,4,4,5,4,5,5,5,5,3,4,2,5,4,4,5,5,1,1,2,5,5,5,5,1,1,1,5,1.0,1.25,1.0,1.25
STU_0706,UNMSM,3.3,2.8,2.7,2.9333333333333336,Bajo,Bajo,Bajo,Bajo,1,3,4,3,3,3,3,3,4,3,4,3,2,3,2,3,3,3,3,3,3,2,2,3,4,4,3,2,2,1,4,3.75,3.625,4.0,3.625
STU_0707,UNMSM,3.9,3.3,3.3,3.5,Alto,Bajo,Medio,Medio,0,4,4,4,3,4,4,4,4,4,4,4,3,4,2,3,3,4,4,4,2,2,3,4,5,3,5,2,2,2,5,2.25,2.25,2.5,2.25
STU_0708,UNMSM,4.4,4.1,3.7,4.066666666666666,Alto,Alto,Medio,Alto,1,4,5,4,4,5,4,4,5,4,5,4,4,4,3,5,5,4,5,5,2,3,4,4,5,2,5,3,3,3,5,2.875,2.25,2.75,2.25
STU_0709,UNMSM,4.6,4.1,3.8,4.166666666666667,Alto,Alto,Medio,Alto,0,5,4,5,4,5,5,4,5,5,4,5,4,5,3,4,4,5,5,5,1,3,4,5,5,2,5,3,3,3,5,1.25,1.25,1.5,1.25
STU_0710,UNMSM,3.8,3.2,3.2,3.4,Medio,Bajo,Bajo,Medio,1,4,4,3,4,4,4,3,4,4,4,3,3,3,2,4,4,3,4,4,2,3,3,4,4,3,4,3,2,2,4,3.25,3.0,3.5,3.0
STU_0711,UNMSM,4.8,4.1,3.5,4.133333333333333,Alto,Alto,Medio,Alto,0,5,5,4,5,5,5,5,5,4,5,5,3,5,3,5,5,4,5,5,1,2,3,5,5,4,5,2,2,2,5,1.0,1.25,1.0,1.25
STU_0712,UNMSM,3.5,3.0,3.1,3.1999999999999997,Bajo,Bajo,Bajo,Bajo,1,3,4,4,3,4,3,3,4,3,4,3,3,3,2,3,3,4,3,3,3,3,3,3,4,3,4,3,2,2,4,3.375,3.375,3.75,3.375
STU_0713,UNMSM,4.2,3.6,3.4,3.733333333333334,Alto,Medio,Medio,Alto,0,4,4,5,4,4,4,4,4,5,4,4,3,4,2,4,4,5,4,4,2,2,3,4,5,4,5,2,2,2,5,1.25,1.5,1.5,1.5
STU_0714,UNMSM,3.6,3.2,3.1,3.3000000000000003,Medio,Bajo,Bajo,Bajo,0,4,3,4,3,4,4,3,4,4,3,4,3,4,2,3,3,4,3,4,2,3,3,4,4,2,4,3,2,2,4,2.25,2.125,2.5,2.125
STU_0715,UNMSM,3.3,2.8,2.7,2.9333333333333336,Bajo,Bajo,Bajo,Bajo,1,3,3,4,3,3,3,3,4,3,4,3,2,3,2,3,3,3,3,3,3,2,2,3,4,4,3,2,2,1,4,3.75,3.625,4.0,3.625
STU_0716,UNMSM,4.0,3.6,3.9,3.8333333333333335,Alto,Medio,Alto,Alto,0,4,4,4,4,4,4,4,4,4,4,4,4,4,2,4,4,4,4,4,2,4,4,4,5,2,5,4,3,3,5,2.0,1.625,2.0,1.625
STU_0717,UNMSM,4.7,4.2,4.5,4.466666666666667,Alto,Alto,Alto,Alto,0,5,4,5,4,5,5,4,5,5,5,5,5,5,3,4,4,5,5,5,1,5,5,5,5,1,5,5,5,4,5,1.0,1.0,1.0,1.0
STU_0718,UNMSM,4.9,4.5,4.5,4.633333333333334,Alto,Alto,Alto,Alto,1,5,5,4,5,5,5,5,5,5,5,5,4,1,5,5,5,5,5,5,5,5,5,4,5,5,1,5,5,5,5,1.5,1.0,1.0,1.0
STU_0719,UNMSM,3.8,3.6,3.6,3.6666666666666665,Medio,Medio,Medio,Medio,0,4,4,4,3,4,4,4,4,3,4,4,4,2,4,4,3,4,3,4,4,4,3,4,4,4,2,4,4,4,3,2.0,2.0,2.5,2.0
STU_0720,UNMSM,2.4,2.6,2.6,2.533333333333333,Bajo,Bajo,Bajo,Bajo,1,2,3,3,2,3,2,2,3,2,2,2,3,4,3,2,2,3,2,2,3,2,2,3,3,3,4,2,3,2,2,3.375,3.5,3.75,3.5
STU_0721,UNMSM,4.7,4.3,4.3,4.433333333333334,Alto,Alto,Alto,Alto,0,5,4,5,5,4,5,5,4,5,5,5,5,1,4,5,5,4,5,5,4,5,5,5,4,4,1,5,4,5,5,1.0,1.0,1.0,1.0
STU_0722,UNMSM,4.2,4.0,4.0,4.066666666666666,Alto,Alto,Alto,Alto,1,4,5,4,4,4,4,4,5,4,4,4,4,2,5,4,4,5,4,4,4,4,4,4,5,4,2,4,5,4,4,2.75,2.0,2.5,2.0
STU_0723,UNMSM,2.9,2.9,2.9,2.9,Bajo,Bajo,Bajo,Bajo,1,3,3,3,3,3,3,3,3,2,3,3,3,3,3,3,2,3,3,3,3,3,3,3,3,3,3,3,3,3,2,2.875,3.5,3.75,3.5
STU_0724,UNMSM,4.8,4.4,4.4,4.533333333333333,Alto,Alto,Alto,Alto,0,5,5,5,4,5,5,5,5,4,5,5,5,1,5,5,4,5,4,5,5,5,4,5,5,5,1,5,5,5,4,1.0,1.0,1.0,1.0
STU_0725,UNMSM,4.1,3.9,3.9,3.966666666666667,Alto,Alto,Alto,Alto,1,4,4,5,4,4,4,4,4,4,4,4,5,2,4,4,4,4,4,4,4,4,4,5,4,4,2,4,4,4,4,2.5,2.0,2.5,2.0
STU_0727,UNMSM,4.6,4.2,4.2,4.333333333333333,Alto,Alto,Alto,Alto,0,5,4,5,4,5,5,5,4,5,4,4,5,1,4,5,5,4,4,5,5,5,4,5,4,5,1,5,4,4,5,1.25,1.0,1.0,1.0
STU_0728,UNMSM,4.9,4.5,4.5,4.633333333333334,Alto,Alto,Alto,Alto,1,5,5,4,5,5,5,5,5,5,5,5,4,1,5,5,5,5,5,5,5,5,5,4,5,5,1,5,5,5,5,1.5,1.0,1.0,1.0
STU_0729,UNMSM,3.8,3.6,3.6,3.6666666666666665,Medio,Medio,Medio,Medio,0,4,4,4,3,4,4,4,4,3,4,4,4,2,4,4,3,4,3,4,4,4,3,4,4,4,2,4,4,4,3,2.0,2.0,2.5,2.0
STU_0731,UNMSM,4.7,4.3,4.3,4.433333333333334,Alto,Alto,Alto,Alto,0,5,4,5,5,4,5,5,4,5,5,5,5,1,4,5,5,4,5,5,4,5,5,5,4,4,1,5,4,5,5,1.0,1.0,1.0,1.0
STU_0732,UNMSM,4.2,4.0,4.0,4.066666666666666,Alto,Alto,Alto,Alto,1,4,5,4,4,4,4,4,5,4,4,4,4,2,5,4,4,5,4,4,4,4,4,4,5,4,2,4,5,4,4,2.75,2.0,2.5,2.0
STU_0733,UNMSM,2.9,2.9,2.9,2.9,Bajo,Bajo,Bajo,Bajo,1,3,3,3,3,3,3,3,3,2,3,3,3,3,3,3,2,3,3,3,3,3,3,3,3,3,3,3,3,3,2,2.875,3.5,3.75,3.5
STU_0734,UNMSM,4.8,4.4,4.4,4.533333333333333,Alto,Alto,Alto,Alto,0,5,5,5,4,5,5,5,5,4,5,5,5,1,5,5,4,5,4,5,5,5,4,5,5,5,1,5,5,5,4,1.0,1.0,1.0,1.0
STU_0735,UNMSM,4.1,3.9,3.9,3.966666666666667,Alto,Alto,Alto,Alto,1,4,4,5,4,4,4,4,4,4,4,4,5,2,4,4,4,4,4,4,4,4,4,5,4,4,2,4,4,4,4,2.5,2.0,2.5,2.0
STU_0736,UNMSM,2.3,2.5,2.5,2.433333333333333,Bajo,Bajo,Bajo,Bajo,1,2,2,3,2,3,2,2,2,2,3,3,3,4,2,2,2,2,2,2,3,2,2,3,2,3,4,2,2,3,2,2.875,3.5,3.75,3.5
STU_0737,UNMSM,4.6,4.2,4.2,4.333333333333333,Alto,Alto,Alto,Alto,0,5,4,5,4,5,5,5,4,5,4,4,5,1,4,5,5,4,4,5,5,5,4,5,4,5,1,5,4,4,5,1.25,1.0,1.0,1.0
STU_0738,UNMSM,4.7,4.3,4.3,4.433333333333334,Alto,Alto,Alto,Alto,0,5,4,5,4,5,5,5,4,5,5,5,5,1,4,5,5,4,4,5,5,5,4,5,4,5,1,5,4,5,5,1.0,1.0,1.0,1.0
STU_0739,UNMSM,3.8,3.6,3.6,3.6666666666666665,Medio,Medio,Medio,Medio,0,4,4,4,3,4,4,4,4,3,4,4,4,2,4,4,3,4,3,4,4,4,3,4,4,4,2,4,4,4,3,2.0,2.0,2.5,2.0
STU_0740,UNMSM,4.3,4.1,4.1,4.166666666666666,Alto,Alto,Alto,Alto,1,4,5,4,4,5,4,4,5,4,4,4,4,2,5,4,4,5,4,4,5,4,4,4,5,5,2,4,5,4,4,2.5,2.0,2.5,2.0
STU_0741,UNMSM,4.8,4.4,4.4,4.533333333333333,Alto,Alto,Alto,Alto,0,5,5,5,4,5,5,5,5,5,4,4,5,1,5,5,5,5,4,5,5,5,4,5,5,5,1,5,5,4,5,1.0,1.0,1.0,1.0
STU_0742,UNMSM,2.9,2.9,2.9,2.9,Bajo,Bajo,Bajo,Bajo,1,3,3,3,3,3,3,3,3,2,3,3,3,3,3,3,2,3,3,3,3,3,3,3,3,3,3,3,3,3,2,2.875,3.5,3.75,3.5
STU_0743,UNMSM,4.6,4.2,4.2,4.333333333333333,Alto,Alto,Alto,Alto,0,5,4,5,5,4,5,5,4,5,4,4,5,1,4,5,5,4,5,5,4,5,5,5,4,4,1,5,4,4,5,1.0,1.0,1.0,1.0
STU_0744,UNMSM,2.4,2.6,2.6,2.533333333333333,Bajo,Bajo,Bajo,Bajo,1,2,3,3,2,3,2,2,3,2,2,2,3,4,3,2,2,3,2,2,3,2,2,3,3,3,4,2,3,2,2,3.125,3.5,3.75,3.5
STU_0745,UNMSM,4.2,4.0,4.0,4.066666666666666,Alto,Alto,Alto,Alto,0,4,5,4,4,4,4,4,5,4,4,4,4,2,5,4,4,5,4,4,4,4,4,4,5,4,2,4,5,4,4,2.0,2.0,2.5,2.0
STU_0746,UNMSM,4.8,4.4,4.4,4.533333333333333,Alto,Alto,Alto,Alto,0,5,5,4,5,5,5,5,5,4,5,5,4,1,5,5,4,5,5,5,5,5,5,4,5,5,1,5,5,5,4,1.0,1.0,1.0,1.0
STU_0747,UNMSM,4.6,4.2,4.2,4.333333333333333,Alto,Alto,Alto,Alto,1,5,4,5,4,5,5,4,5,4,5,5,5,1,4,4,4,5,4,5,5,5,4,5,4,5,1,4,5,5,4,1.75,1.0,1.0,1.0
STU_0748,UNI,4.7,4.3,4.3,4.433333333333334,Alto,Alto,Alto,Alto,0,5,4,5,4,5,5,5,4,5,5,5,5,1,4,5,5,4,4,5,5,5,4,5,4,5,1,5,4,5,5,1.25,1.0,1.0,1.0
STU_0749,UNI,3.8,3.6,3.6,3.6666666666666665,Medio,Medio,Medio,Medio,0,4,4,4,3,4,4,4,4,3,4,4,4,2,4,4,3,4,3,4,4,4,3,4,4,4,2,4,4,4,3,2.0,2.0,2.5,2.0
STU_0750,UNI,4.8,4.4,4.4,4.533333333333333,Alto,Alto,Alto,Alto,0,5,5,4,5,5,5,5,5,4,5,5,4,1,5,5,4,5,5,5,5,5,5,4,5,5,1,5,5,5,4,1.0,1.0,1.0,1.0
STU_0752,UNI,3.6,3.4,3.4,3.466666666666667,Medio,Medio,Medio,Medio,0,4,3,4,4,3,4,4,3,4,3,3,4,2,3,4,4,3,4,4,3,4,4,4,3,3,2,4,3,3,4,2.25,2.0,2.5,2.0
STU_0753,UNI,4.6,4.2,4.2,4.333333333333333,Alto,Alto,Alto,Alto,0,5,4,5,5,4,5,5,4,5,4,4,5,1,4,5,5,4,5,5,4,5,5,5,4,4,1,5,4,4,5,1.0,1.0,1.0,1.0
STU_0754,UNI,2.4,2.6,2.6,2.533333333333333,Bajo,Bajo,Bajo,Bajo,1,3,2,3,2,3,2,2,2,3,2,2,3,4,2,2,3,2,2,3,3,3,2,3,2,3,4,2,2,2,3,2.875,3.5,3.75,3.5
STU_0755,UNI,4.2,4.0,4.0,4.066666666666666,Alto,Alto,Alto,Alto,0,4,5,4,4,4,4,4,5,4,4,4,4,2,5,4,4,5,4,4,4,4,4,4,5,4,2,4,5,4,4,2.0,2.0,2.5,2.0
STU_0756,UNI,4.8,4.4,4.4,4.533333333333333,Alto,Alto,Alto,Alto,0,5,5,5,4,5,5,5,5,5,4,4,5,1,5,5,5,5,4,5,5,5,4,5,5,5,1,5,5,4,5,1.25,1.0,1.0,1.0
STU_0757,UNI,4.6,4.2,4.2,4.333333333333333,Alto,Alto,Alto,Alto,0,5,4,5,4,5,5,4,5,4,5,5,5,1,4,4,4,5,4,5,5,5,4,5,4,5,1,4,5,5,4,1.0,1.0,1.0,1.0
STU_0758,UNI,4.7,4.3,4.3,4.433333333333334,Alto,Alto,Alto,Alto,0,5,4,5,4,5,5,5,4,5,5,5,5,1,4,5,5,4,4,5,5,5,4,5,4,5,1,5,4,5,5,1.25,1.0,1.0,1.0
STU_0759,UNI,3.8,3.6,3.6,3.6666666666666665,Medio,Medio,Medio,Medio,0,4,4,4,3,4,4,4,4,3,4,4,4,2,4,4,3,4,3,4,4,4,3,4,4,4,2,4,4,4,3,2.0,2.0,2.5,2.0
STU_0760,UNI,4.3,4.1,4.1,4.166666666666666,Alto,Alto,Alto,Alto,1,4,5,4,4,5,4,4,5,4,4,4,4,2,5,4,4,5,4,4,5,4,4,4,5,5,2,4,5,4,4,2.5,2.0,2.5,2.0
STU_0761,UNI,4.8,4.4,4.4,4.533333333333333,Alto,Alto,Alto,Alto,0,5,5,5,4,5,5,5,5,5,4,4,5,1,5,5,5,5,4,5,5,5,4,5,5,5,1,5,5,4,5,1.0,1.0,1.0,1.0
STU_0762,UNI,3.6,3.4,3.4,3.466666666666667,Medio,Medio,Medio,Medio,0,4,3,4,4,3,4,4,3,4,3,3,4,2,3,4,4,3,4,4,3,4,4,4,3,3,2,4,3,3,4,2.25,2.0,2.5,2.0
STU_0763,UNI,4.6,4.2,4.2,4.333333333333333,Alto,Alto,Alto,Alto,0,5,4,5,5,4,5,5,4,5,4,4,5,1,4,5,5,4,5,5,4,5,5,5,4,4,1,5,4,4,5,1.0,1.0,1.0,1.0
STU_0764,UNI,2.4,2.6,2.6,2.533333333333333,Bajo,Bajo,Bajo,Bajo,1,2,3,3,2,3,2,2,3,2,2,2,3,4,3,2,2,3,2,2,3,2,2,3,3,3,4,2,3,2,2,2.875,3.5,3.75,3.5
STU_0765,UNI,4.2,4.0,4.0,4.066666666666666,Alto,Alto,Alto,Alto,0,4,5,4,4,4,4,4,5,4,4,4,4,2,5,4,4,5,4,4,4,4,4,4,5,4,2,4,5,4,4,2.25,2.0,2.5,2.0
STU_0766,UNI,4.8,4.4,4.4,4.533333333333333,Alto,Alto,Alto,Alto,0,5,5,4,5,5,5,5,5,4,5,5,4,1,5,5,4,5,5,5,5,5,5,4,5,5,1,5,5,5,4,1.0,1.0,1.0,1.0
STU_0767,UNI,4.6,4.2,4.2,4.333333333333333,Alto,Alto,Alto,Alto,0,5,4,5,4,5,5,4,5,4,5,5,5,1,4,4,4,5,4,5,5,5,4,5,4,5,1,4,5,5,4,1.25,1.0,1.0,1.0
STU_0768,UNI,4.7,4.1,3.6,4.133333333333334,Alto,Alto,Medio,Alto,0,5,4,5,4,5,5,5,4,5,5,5,4,4,3,5,4,5,5,5,1,2,3,5,5,4,5,2,3,2,5,1.0,1.125,1.0,1.125
STU_0769,UNI,3.7,3.3,3.0,3.3333333333333335,Medio,Bajo,Bajo,Bajo,0,4,3,4,3,4,4,4,3,4,4,4,3,4,2,3,4,3,4,4,2,2,3,4,4,3,4,2,2,2,4,2.25,2.25,2.5,2.25
STU_0770,UNI,2.7,2.6,2.6,2.6333333333333333,Bajo,Bajo,Bajo,Bajo,1,3,3,3,2,3,2,2,3,3,3,2,2,3,1,2,3,3,3,3,4,1,2,3,4,4,3,2,2,1,4,3.375,3.5,3.75,3.5
STU_0771,UNI,4.8,4.4,3.9,4.366666666666666,Alto,Alto,Alto,Alto,0,5,5,5,4,5,5,5,5,5,4,5,5,5,3,5,5,5,5,5,1,3,4,5,5,2,5,3,4,3,5,1.0,1.0,1.0,1.0
STU_0772,UNI,3.7,3.3,3.3,3.4333333333333336,Medio,Bajo,Medio,Medio,0,4,4,3,4,3,4,4,4,3,4,4,3,4,2,3,3,4,4,4,2,2,3,4,5,3,5,2,2,2,5,2.25,2.125,2.5,2.125
STU_0773,UNI,2.6,2.6,2.5,2.566666666666667,Bajo,Bajo,Bajo,Bajo,1,3,2,3,3,3,2,2,3,2,3,3,2,2,1,3,3,2,3,3,4,1,2,3,4,4,3,2,1,1,4,4.0,3.75,4.0,3.75
STU_0774,UNI,4.7,4.1,3.9,4.233333333333333,Alto,Alto,Alto,Alto,0,5,4,5,5,4,5,5,5,4,5,5,4,4,3,5,4,5,5,5,1,3,4,5,5,2,5,3,4,3,5,1.0,1.0,1.0,1.0
